Date,BTC-USD,ETH-USD,^GSPC
2018-01-02,14982.099609375,884.4439697265625,2695.81005859375
2018-01-03,15201.0,962.719970703125,2713.06005859375
2018-01-04,15599.2001953125,980.9219970703125,2723.989990234375
2018-01-05,17429.5,997.719970703125,2743.14990234375
2018-01-08,15170.099609375,1148.530029296875,2747.7099609375
2018-01-09,14595.400390625,1299.739990234375,2751.2900390625
2018-01-10,14973.2998046875,1255.8199462890625,2748.22998046875
2018-01-11,13405.7998046875,1154.9300537109375,2767.56005859375
2018-01-12,13980.599609375,1273.199951171875,2786.239990234375
2018-01-16,11490.5,1053.68994140625,2776.419921875
2018-01-17,11188.599609375,1014.25,2802.56005859375
2018-01-18,11474.900390625,1036.280029296875,2798.030029296875
2018-01-19,11607.400390625,1039.0999755859375,2810.300048828125
2018-01-22,10931.400390625,1003.260009765625,2832.969970703125
2018-01-23,10868.400390625,986.22900390625,2839.1298828125
2018-01-24,11359.400390625,1058.780029296875,2837.5400390625
2018-01-25,11259.400390625,1056.030029296875,2839.25
2018-01-26,11171.400390625,1055.1700439453125,2872.8701171875
2018-01-29,11296.400390625,1182.3599853515625,2853.530029296875
2018-01-30,10106.2998046875,1071.1300048828125,2822.429931640625
2018-01-31,10221.099609375,1118.31005859375,2823.81005859375
2018-02-01,9170.5400390625,1036.7900390625,2821.97998046875
2018-02-02,8830.75,915.7849731445312,2762.1298828125
2018-02-05,6955.27001953125,697.9509887695312,2648.93994140625
2018-02-06,7754.0,793.1220092773438,2695.139892578125
2018-02-07,7621.2998046875,757.0679931640625,2681.659912109375
2018-02-08,8265.58984375,817.8070068359375,2581.0
2018-02-09,8736.98046875,883.864990234375,2619.550048828125
2018-02-12,8926.5703125,868.7069702148438,2656.0
2018-02-13,8598.3095703125,845.2579956054688,2662.93994140625
2018-02-14,9494.6298828125,923.5609741210938,2698.6298828125
2018-02-15,10166.400390625,936.9760131835938,2731.199951171875
2018-02-16,10233.900390625,944.2100219726562,2732.219970703125
2018-02-20,11403.7001953125,895.3709716796875,2716.260009765625
2018-02-21,10690.400390625,849.9710083007812,2701.330078125
2018-02-22,10005.0,812.844970703125,2703.9599609375
2018-02-23,10301.099609375,864.1890258789062,2747.300048828125
2018-02-26,10366.7001953125,869.3150024414062,2779.60009765625
2018-02-27,10725.599609375,878.2650146484375,2744.280029296875
2018-02-28,10397.900390625,855.198974609375,2713.830078125
2018-03-01,10951.0,872.2000122070312,2677.669921875
2018-03-02,11086.400390625,856.85302734375,2691.25
2018-03-05,11573.2998046875,853.6840209960938,2720.93994140625
2018-03-06,10779.900390625,816.9509887695312,2728.1201171875
2018-03-07,9965.5703125,752.8309936523438,2726.800048828125
2018-03-08,9395.009765625,704.5960083007812,2738.969970703125
2018-03-09,9337.5498046875,728.916015625,2786.570068359375
2018-03-12,9205.1201171875,699.8309936523438,2783.02001953125
2018-03-13,9194.849609375,690.8270263671875,2765.31005859375
2018-03-14,8269.8095703125,614.291015625,2749.47998046875
2018-03-15,8300.8603515625,611.3040161132812,2747.330078125
2018-03-16,8338.349609375,601.666015625,2752.010009765625
2018-03-19,8630.650390625,556.7260131835938,2712.919921875
2018-03-20,8913.4697265625,557.1749877929688,2716.93994140625
2018-03-21,8929.2802734375,561.7319946289062,2711.929931640625
2018-03-22,8728.4697265625,539.7020263671875,2643.68994140625
2018-03-23,8879.6201171875,539.6190185546875,2588.260009765625
2018-03-26,8209.400390625,489.95098876953125,2658.550048828125
2018-03-27,7833.0400390625,450.1159973144531,2612.6201171875
2018-03-28,7954.47998046875,446.27899169921875,2605.0
2018-03-29,7165.7001953125,385.9679870605469,2640.8701171875
2018-04-02,7083.7998046875,386.42498779296875,2581.8798828125
2018-04-03,7456.10986328125,416.89300537109375,2614.449951171875
2018-04-04,6853.83984375,380.5429992675781,2644.68994140625
2018-04-05,6811.47021484375,383.23199462890625,2662.840087890625
2018-04-06,6636.31982421875,370.2850036621094,2604.469970703125
2018-04-09,6770.72998046875,398.5260009765625,2613.159912109375
2018-04-10,6834.759765625,414.2430114746094,2656.8701171875
2018-04-11,6968.31982421875,430.5400085449219,2642.18994140625
2018-04-12,7889.25,492.9410095214844,2663.989990234375
2018-04-13,7895.9599609375,492.7349853515625,2656.300048828125
2018-04-16,8058.669921875,511.1470031738281,2677.840087890625
2018-04-17,7902.08984375,502.8940124511719,2706.389892578125
2018-04-18,8163.419921875,524.7890014648438,2708.639892578125
2018-04-19,8294.3095703125,567.8889770507812,2693.1298828125
2018-04-20,8845.830078125,615.718017578125,2670.139892578125
2018-04-23,8930.8798828125,642.5479736328125,2670.2900390625
2018-04-24,9697.5,708.1580200195312,2634.56005859375
2018-04-25,8845.740234375,615.416015625,2639.39990234375
2018-04-26,9281.509765625,662.8090209960938,2666.93994140625
2018-04-27,8987.0498046875,647.031982421875,2669.909912109375
2018-04-30,9240.5498046875,669.9240112304688,2648.050048828125
2018-05-01,9119.009765625,673.6129760742188,2654.800048828125
2018-05-02,9235.919921875,687.1489868164062,2635.669921875
2018-05-03,9743.8603515625,779.5430297851562,2629.72998046875
2018-05-04,9700.759765625,785.6240234375,2663.419921875
2018-05-07,9373.009765625,753.7249755859375,2672.6298828125
2018-05-08,9234.8203125,752.8569946289062,2671.919921875
2018-05-09,9325.1796875,752.2750244140625,2697.7900390625
2018-05-10,9043.9404296875,727.2769775390625,2723.070068359375
2018-05-11,8441.490234375,679.5859985351562,2727.719970703125
2018-05-14,8716.7900390625,730.5490112304688,2730.1298828125
2018-05-15,8510.3798828125,708.8709716796875,2711.449951171875
2018-05-16,8368.830078125,707.0499877929688,2722.4599609375
2018-05-17,8094.31982421875,672.656982421875,2720.1298828125
2018-05-18,8250.9697265625,694.3670043945312,2712.969970703125
2018-05-21,8418.990234375,699.2219848632812,2733.010009765625
2018-05-22,8041.77978515625,647.7410278320312,2724.43994140625
2018-05-23,7557.81982421875,583.5850219726562,2733.2900390625
2018-05-24,7587.33984375,601.7550048828125,2727.760009765625
2018-05-25,7480.14013671875,586.7340087890625,2721.330078125
2018-05-29,7472.58984375,565.3880004882812,2689.860107421875
2018-05-30,7406.52001953125,559.5900268554688,2724.010009765625
2018-05-31,7494.169921875,577.64501953125,2705.27001953125
2018-06-01,7541.4501953125,580.0430297851562,2734.6201171875
2018-06-04,7514.47021484375,592.9849853515625,2746.8701171875
2018-06-05,7633.759765625,609.302978515625,2748.800048828125
2018-06-06,7653.97998046875,607.1240234375,2772.35009765625
2018-06-07,7678.240234375,605.18701171875,2770.3701171875
2018-06-08,7624.919921875,601.0770263671875,2779.030029296875
2018-06-11,6906.919921875,533.2839965820312,2782.0
2018-06-12,6582.35986328125,496.8429870605469,2786.85009765625
2018-06-13,6349.89990234375,477.4939880371094,2775.6298828125
2018-06-14,6675.35009765625,519.7420043945312,2782.489990234375
2018-06-15,6456.580078125,491.0039978027344,2779.659912109375
2018-06-18,6734.81982421875,518.8909912109375,2773.75
2018-06-19,6769.93994140625,537.9569702148438,2762.590087890625
2018-06-20,6776.5498046875,536.2680053710938,2767.320068359375
2018-06-21,6729.740234375,527.3670043945312,2749.760009765625
2018-06-22,6083.68994140625,465.8169860839844,2754.8798828125
2018-06-25,6249.18017578125,460.30999755859375,2717.070068359375
2018-06-26,6093.669921875,432.7720031738281,2723.06005859375
2018-06-27,6157.1298828125,442.364990234375,2699.6298828125
2018-06-28,5903.43994140625,422.364990234375,2716.31005859375
2018-06-29,6218.2998046875,436.0090026855469,2718.3701171875
2018-07-02,6614.18017578125,475.34698486328125,2726.7099609375
2018-07-03,6529.58984375,464.19500732421875,2713.219970703125
2018-07-05,6639.14013671875,474.4119873046875,2736.610107421875
2018-07-06,6673.5,474.0119934082031,2759.820068359375
2018-07-09,6741.75,476.6820068359375,2784.169921875
2018-07-10,6329.9501953125,434.42401123046875,2793.840087890625
2018-07-11,6394.7099609375,446.51800537109375,2774.02001953125
2018-07-12,6228.81005859375,430.0740051269531,2798.2900390625
2018-07-13,6238.0498046875,434.0270080566406,2801.31005859375
2018-07-16,6741.75,480.6579895019531,2798.429931640625
2018-07-17,7321.0400390625,501.00201416015625,2809.550048828125
2018-07-18,7370.77978515625,480.51300048828125,2815.6201171875
2018-07-19,7466.85986328125,469.6189880371094,2804.489990234375
2018-07-20,7354.1298828125,450.697998046875,2801.830078125
2018-07-23,7711.10986328125,450.8529968261719,2806.97998046875
2018-07-24,8424.26953125,479.37298583984375,2820.39990234375
2018-07-25,8181.39013671875,472.4930114746094,2846.070068359375
2018-07-26,7951.580078125,464.0369873046875,2837.43994140625
2018-07-27,8165.009765625,469.6659851074219,2818.820068359375
2018-07-30,8180.47998046875,457.08099365234375,2802.60009765625
2018-07-31,7780.43994140625,433.86700439453125,2816.2900390625
2018-08-01,7624.91015625,420.74700927734375,2813.360107421875
2018-08-02,7567.14990234375,412.6210021972656,2827.219970703125
2018-08-03,7434.39013671875,418.2619934082031,2840.35009765625
2018-08-06,6951.7998046875,406.6579895019531,2850.39990234375
2018-08-07,6753.1201171875,380.2149963378906,2858.449951171875
2018-08-08,6305.7998046875,356.6130065917969,2857.699951171875
2018-08-09,6568.22998046875,365.5880126953125,2853.580078125
2018-08-10,6184.7099609375,334.1759948730469,2833.280029296875
2018-08-13,6297.56982421875,286.4949951171875,2821.929931640625
2018-08-14,6199.7099609375,278.9320068359375,2839.9599609375
2018-08-15,6308.52001953125,282.364013671875,2818.3701171875
2018-08-16,6334.72998046875,288.0459899902344,2840.68994140625
2018-08-17,6580.6298828125,315.72900390625,2850.1298828125
2018-08-20,6308.52978515625,274.31500244140625,2857.050048828125
2018-08-21,6488.759765625,281.9440002441406,2862.9599609375
2018-08-22,6376.7099609375,271.34100341796875,2861.820068359375
2018-08-23,6534.8798828125,277.10400390625,2856.97998046875
2018-08-24,6719.9599609375,282.9670104980469,2874.68994140625
2018-08-27,6884.64013671875,285.6029968261719,2896.739990234375
2018-08-28,7096.27978515625,296.4989929199219,2897.52001953125
2018-08-29,7047.16015625,289.31201171875,2914.0400390625
2018-08-30,6978.22998046875,284.1050109863281,2901.1298828125
2018-08-31,7037.580078125,283.0039978027344,2901.52001953125
2018-09-04,7361.66015625,285.7229919433594,2896.719970703125
2018-09-05,6792.830078125,232.33099365234375,2888.60009765625
2018-09-06,6529.169921875,230.21499633789062,2878.050048828125
2018-09-07,6467.06982421875,217.2030029296875,2871.679931640625
2018-09-10,6329.7001953125,197.07899475097656,2877.1298828125
2018-09-11,6321.2001953125,185.0659942626953,2887.889892578125
2018-09-12,6351.7998046875,183.33099365234375,2888.919921875
2018-09-13,6517.31005859375,211.35400390625,2904.179931640625
2018-09-14,6512.7099609375,211.74899291992188,2904.97998046875
2018-09-17,6281.2001953125,197.875,2888.800048828125
2018-09-18,6371.2998046875,209.97500610351562,2904.31005859375
2018-09-19,6398.5400390625,209.968994140625,2907.949951171875
2018-09-20,6519.669921875,224.59100341796875,2930.75
2018-09-21,6734.9501953125,246.58399963378906,2929.669921875
2018-09-24,6595.41015625,228.72999572753906,2919.3701171875
2018-09-25,6446.47021484375,218.5050048828125,2915.56005859375
2018-09-26,6495.0,215.8470001220703,2905.969970703125
2018-09-27,6676.75,228.49400329589844,2914.0
2018-09-28,6644.1298828125,222.40199279785156,2913.97998046875
2018-10-01,6589.6201171875,230.76800537109375,2924.590087890625
2018-10-02,6556.10009765625,227.18099975585938,2923.429931640625
2018-10-03,6502.58984375,220.48899841308594,2925.510009765625
2018-10-04,6576.68994140625,222.21800231933594,2901.610107421875
2018-10-05,6622.47998046875,227.6009979248047,2885.570068359375
2018-10-08,6652.22998046875,229.2550048828125,2884.429931640625
2018-10-09,6642.64013671875,227.98199462890625,2880.340087890625
2018-10-10,6585.52978515625,225.7689971923828,2785.679931640625
2018-10-11,6256.240234375,189.49899291992188,2728.3701171875
2018-10-12,6274.580078125,196.7270050048828,2767.1298828125
2018-10-15,6596.5400390625,209.70399475097656,2750.7900390625
2018-10-16,6596.10986328125,210.1199951171875,2809.919921875
2018-10-17,6544.43017578125,207.08299255371094,2809.2099609375
2018-10-18,6476.7099609375,203.3520050048828,2768.780029296875
2018-10-19,6465.41015625,203.7270050048828,2767.780029296875
2018-10-22,6487.16015625,204.04400634765625,2755.8798828125
2018-10-23,6475.740234375,204.33599853515625,2740.68994140625
2018-10-24,6495.83984375,203.8520050048828,2656.10009765625
2018-10-25,6476.2900390625,202.718994140625,2705.570068359375
2018-10-26,6474.75,203.32899475097656,2658.68994140625
2018-10-29,6332.6298828125,197.2469940185547,2641.25
2018-10-30,6334.27001953125,197.55599975585938,2682.6298828125
2018-10-31,6317.60986328125,197.38099670410156,2711.739990234375
2018-11-01,6377.77978515625,198.8719940185547,2740.3701171875
2018-11-02,6388.43994140625,200.63499450683594,2723.06005859375
2018-11-05,6419.66015625,209.09100341796875,2738.31005859375
2018-11-06,6461.009765625,218.45199584960938,2755.449951171875
2018-11-07,6530.14013671875,217.18299865722656,2813.889892578125
2018-11-08,6453.72021484375,212.2310028076172,2806.830078125
2018-11-09,6385.6201171875,210.07400512695312,2781.010009765625
2018-11-12,6371.27001953125,210.41799926757812,2726.219970703125
2018-11-13,6359.490234375,206.8260040283203,2722.179931640625
2018-11-14,5738.35009765625,181.39700317382812,2701.580078125
2018-11-15,5648.02978515625,180.80599975585938,2730.199951171875
2018-11-16,5575.5498046875,175.177001953125,2736.27001953125
2018-11-19,4871.490234375,149.1750030517578,2690.72998046875
2018-11-20,4451.8701171875,130.33900451660156,2641.889892578125
2018-11-21,4602.169921875,136.7010040283203,2649.929931640625
2018-11-23,4347.10986328125,123.2959976196289,2632.56005859375
2018-11-26,3779.1298828125,108.33499908447266,2673.449951171875
2018-11-27,3820.719970703125,110.01000213623047,2682.169921875
2018-11-28,4257.419921875,122.43800354003906,2743.7900390625
2018-11-29,4278.8466796875,117.54264831542969,2737.800048828125
2018-11-30,4017.2685546875,113.17141723632812,2760.169921875
2018-12-03,3894.130859375,108.92501831054688,2790.3701171875
2018-12-04,3956.893798828125,110.21418762207031,2700.06005859375
2018-12-06,3521.101806640625,91.76105499267578,2695.949951171875
2018-12-07,3419.937255859375,93.29456329345703,2633.080078125
2018-12-10,3502.656005859375,91.68565368652344,2637.719970703125
2018-12-11,3424.588134765625,88.94530487060547,2636.780029296875
2018-12-12,3486.9501953125,90.59329986572266,2651.070068359375
2018-12-13,3313.67724609375,86.53931427001953,2650.5400390625
2018-12-14,3242.48486328125,84.30829620361328,2599.949951171875
2018-12-17,3545.86474609375,95.13382720947266,2545.93994140625
2018-12-18,3696.05908203125,101.11245727539062,2546.159912109375
2018-12-19,3745.95068359375,101.2685775756836,2506.9599609375
2018-12-20,4134.44140625,116.21687316894531,2467.419921875
2018-12-21,3896.543701171875,109.49623107910156,2416.6201171875
2018-12-24,4078.59912109375,140.23800659179688,2351.10009765625
2018-12-26,3857.297607421875,131.86563110351562,2467.699951171875
2018-12-27,3654.83349609375,116.57591247558594,2488.830078125
2018-12-28,3923.918701171875,137.6470184326172,2485.739990234375
2018-12-31,3742.700439453125,133.36825561523438,2506.85009765625
2019-01-02,3943.409423828125,155.0476837158203,2510.030029296875
2019-01-03,3836.7412109375,149.135009765625,2447.889892578125
2019-01-04,3857.717529296875,154.58193969726562,2531.93994140625
2019-01-07,4025.248291015625,151.69921875,2549.68994140625
2019-01-08,4030.847900390625,150.35963439941406,2574.409912109375
2019-01-09,4035.29638671875,150.80311584472656,2584.9599609375
2019-01-10,3678.924560546875,128.62518310546875,2596.639892578125
2019-01-11,3687.365478515625,127.54832458496094,2596.260009765625
2019-01-14,3706.05224609375,129.0687255859375,2582.610107421875
2019-01-15,3630.67529296875,122.03271484375,2610.300048828125
2019-01-16,3655.0068359375,123.54706573486328,2616.10009765625
2019-01-17,3678.56396484375,123.7419204711914,2635.9599609375
2019-01-18,3657.83935546875,121.01026153564453,2670.7099609375
2019-01-22,3604.5771484375,118.74755096435547,2632.89990234375
2019-01-23,3585.123046875,117.45260620117188,2638.699951171875
2019-01-24,3600.865478515625,117.36288452148438,2642.330078125
2019-01-25,3599.765869140625,116.37834167480469,2664.760009765625
2019-01-28,3470.450439453125,106.58997344970703,2643.85009765625
2019-01-29,3448.116943359375,105.59821319580078,2640.0
2019-01-30,3486.181640625,108.90753936767578,2681.050048828125
2019-01-31,3457.792724609375,107.0610122680664,2704.10009765625
2019-02-01,3487.9453125,107.60978698730469,2706.530029296875
2019-02-04,3459.154052734375,107.82160186767578,2724.8701171875
2019-02-05,3466.357421875,107.44351959228516,2737.699951171875
2019-02-06,3413.767822265625,104.9192886352539,2731.610107421875
2019-02-07,3399.4716796875,104.5353012084961,2706.050048828125
2019-02-08,3666.7802734375,119.26774597167969,2707.8798828125
2019-02-11,3648.4306640625,121.29839324951172,2709.800048828125
2019-02-12,3653.528564453125,122.5722885131836,2744.72998046875
2019-02-13,3632.070556640625,122.55360412597656,2753.030029296875
2019-02-14,3616.880859375,121.39020538330078,2745.72998046875
2019-02-15,3620.810791015625,122.10038757324219,2775.60009765625
2019-02-19,3947.094482421875,145.34619140625,2779.760009765625
2019-02-20,3999.820556640625,149.55433654785156,2784.699951171875
2019-02-21,3954.1181640625,146.13084411621094,2774.8798828125
2019-02-22,4005.526611328125,149.0924530029297,2792.669921875
2019-02-25,3882.6962890625,139.82286071777344,2796.110107421875
2019-02-26,3854.35791015625,138.0896759033203,2793.89990234375
2019-02-27,3851.04736328125,136.12596130371094,2792.3798828125
2019-02-28,3854.785400390625,136.74624633789062,2784.489990234375
2019-03-01,3859.583740234375,136.44361877441406,2803.68994140625
2019-03-04,3761.55712890625,127.77412414550781,2792.81005859375
2019-03-05,3896.375,137.8223876953125,2789.64990234375
2019-03-06,3903.942626953125,138.7893524169922,2771.449951171875
2019-03-07,3911.484375,138.0345001220703,2748.929931640625
2019-03-08,3901.131591796875,135.1270751953125,2743.070068359375
2019-03-11,3905.227294921875,133.8340301513672,2783.300048828125
2019-03-12,3909.15625,134.44288635253906,2791.52001953125
2019-03-13,3906.71728515625,133.26307678222656,2810.919921875
2019-03-14,3924.369140625,133.7115936279297,2808.47998046875
2019-03-15,3960.9111328125,137.69178771972656,2822.47998046875
2019-03-18,4032.50732421875,139.37460327148438,2832.93994140625
2019-03-19,4071.190185546875,140.51919555664062,2832.570068359375
2019-03-20,4087.476318359375,140.6863555908203,2824.22998046875
2019-03-21,4029.326904296875,136.6360626220703,2854.8798828125
2019-03-22,4023.96826171875,137.1814422607422,2800.7099609375
2019-03-25,3963.070556640625,135.03102111816406,2798.360107421875
2019-03-26,3985.080810546875,135.46035766601562,2818.4599609375
2019-03-27,4087.066162109375,140.9881591796875,2805.3701171875
2019-03-28,4069.107177734375,139.41647338867188,2815.43994140625
2019-03-29,4098.37451171875,142.49742126464844,2834.39990234375
2019-04-01,4158.18310546875,141.830322265625,2867.18994140625
2019-04-02,4879.8779296875,163.9617462158203,2867.239990234375
2019-04-03,4973.02197265625,161.45880126953125,2873.39990234375
2019-04-04,4922.798828125,158.0525360107422,2879.389892578125
2019-04-05,5036.68115234375,165.5148468017578,2892.739990234375
2019-04-08,5289.77099609375,180.25881958007812,2895.77001953125
2019-04-09,5204.95849609375,176.1145782470703,2878.199951171875
2019-04-10,5324.5517578125,177.3374786376953,2888.2099609375
2019-04-11,5064.48779296875,165.4970245361328,2888.320068359375
2019-04-12,5089.5390625,164.736328125,2907.409912109375
2019-04-15,5067.1083984375,161.5741729736328,2905.580078125
2019-04-16,5235.5595703125,167.62344360351562,2907.06005859375
2019-04-17,5251.93798828125,166.9507598876953,2900.449951171875
2019-04-18,5298.3857421875,173.81402587890625,2905.030029296875
2019-04-22,5399.365234375,171.87466430664062,2907.969970703125
2019-04-23,5572.3623046875,171.4477996826172,2933.679931640625
2019-04-24,5464.86669921875,165.8260955810547,2927.25
2019-04-25,5210.515625,154.4593963623047,2926.169921875
2019-04-26,5279.34814453125,156.3470916748047,2939.8798828125
2019-04-29,5247.3525390625,155.20199584960938,2943.030029296875
2019-04-30,5350.7265625,162.16603088378906,2945.830078125
2019-05-01,5402.697265625,160.81834411621094,2923.72998046875
2019-05-02,5505.28369140625,162.12278747558594,2917.52001953125
2019-05-03,5768.28955078125,167.95240783691406,2945.639892578125
2019-05-06,5746.80712890625,172.65321350097656,2932.469970703125
2019-05-07,5829.50146484375,169.7986602783203,2884.050048828125
2019-05-08,5982.45751953125,170.9481658935547,2879.419921875
2019-05-09,6174.52880859375,170.289306640625,2870.719970703125
2019-05-10,6378.84912109375,173.1427459716797,2881.39990234375
2019-05-13,7814.9150390625,196.84628295898438,2811.8701171875
2019-05-14,7994.416015625,217.14857482910156,2834.409912109375
2019-05-15,8205.16796875,247.15306091308594,2850.9599609375
2019-05-16,7884.9091796875,264.010009765625,2876.320068359375
2019-05-17,7343.8955078125,243.76458740234375,2859.530029296875
2019-05-20,7978.30908203125,251.86441040039062,2840.22998046875
2019-05-21,7963.32763671875,255.21588134765625,2864.360107421875
2019-05-22,7680.06640625,244.69891357421875,2856.27001953125
2019-05-23,7881.8466796875,245.96566772460938,2822.239990234375
2019-05-24,7987.37158203125,249.4849853515625,2826.06005859375
2019-05-28,8719.9619140625,271.7687072753906,2802.389892578125
2019-05-29,8659.4873046875,269.4556884765625,2783.02001953125
2019-05-30,8319.47265625,255.85894775390625,2788.860107421875
2019-05-31,8574.501953125,268.1135559082031,2752.06005859375
2019-06-03,8208.9951171875,252.60792541503906,2744.449951171875
2019-06-04,7707.77099609375,241.3387908935547,2803.27001953125
2019-06-05,7824.2314453125,247.05101013183594,2826.14990234375
2019-06-06,7822.0234375,249.47433471679688,2843.489990234375
2019-06-07,8043.951171875,250.93035888671875,2873.340087890625
2019-06-10,8000.32958984375,247.52012634277344,2886.72998046875
2019-06-11,7927.71435546875,245.78182983398438,2885.719970703125
2019-06-12,8145.857421875,260.9032897949219,2879.840087890625
2019-06-13,8230.923828125,256.1687927246094,2891.639892578125
2019-06-14,8693.8330078125,264.08746337890625,2886.97998046875
2019-06-17,9320.3525390625,274.3511047363281,2889.669921875
2019-06-18,9081.7626953125,265.0518493652344,2917.75
2019-06-19,9273.521484375,269.4317932128906,2926.4599609375
2019-06-20,9527.16015625,271.69500732421875,2954.179931640625
2019-06-21,10144.556640625,294.9102783203125,2950.4599609375
2019-06-24,11011.1025390625,310.4246826171875,2945.35009765625
2019-06-25,11790.9169921875,318.1263122558594,2917.3798828125
2019-06-26,13016.2314453125,336.753173828125,2913.780029296875
2019-06-27,11182.806640625,294.26763916015625,2924.919921875
2019-06-28,12407.33203125,311.2261047363281,2941.760009765625
2019-07-01,10583.134765625,293.64111328125,2964.330078125
2019-07-02,10801.677734375,291.596435546875,2973.010009765625
2019-07-03,11961.26953125,303.0999755859375,2995.820068359375
2019-07-05,10978.4599609375,287.9975280761719,2990.409912109375
2019-07-08,12285.9580078125,313.25140380859375,2975.949951171875
2019-07-09,12573.8125,308.8810119628906,2979.6298828125
2019-07-10,12156.5126953125,290.0023193359375,2993.070068359375
2019-07-11,11358.662109375,268.70404052734375,2999.909912109375
2019-07-12,11815.986328125,276.2767028808594,3013.77001953125
2019-07-15,10895.08984375,229.7760009765625,3014.300048828125
2019-07-16,9477.6416015625,199.1886749267578,3004.0400390625
2019-07-17,9693.802734375,211.48497009277344,2984.419921875
2019-07-18,10666.482421875,226.566162109375,2995.110107421875
2019-07-19,10530.732421875,221.3334197998047,2976.610107421875
2019-07-22,10343.1064453125,217.5600128173828,2985.030029296875
2019-07-23,9900.767578125,212.728515625,3005.469970703125
2019-07-24,9811.92578125,217.04637145996094,3019.56005859375
2019-07-25,9911.841796875,219.6179962158203,3003.669921875
2019-07-26,9870.3037109375,219.62960815429688,3025.860107421875
2019-07-29,9519.1455078125,211.26805114746094,3020.969970703125
2019-07-30,9607.423828125,210.52259826660156,3013.179931640625
2019-07-31,10085.6279296875,218.65414428710938,2980.3798828125
2019-08-01,10399.6689453125,217.80844116210938,2953.56005859375
2019-08-02,10518.1748046875,217.87156677246094,2932.050048828125
2019-08-05,11805.6533203125,234.21502685546875,2844.739990234375
2019-08-06,11478.1689453125,226.02064514160156,2881.77001953125
2019-08-07,11941.96875,226.39100646972656,2883.97998046875
2019-08-08,11966.4072265625,220.94186401367188,2938.090087890625
2019-08-09,11862.9365234375,210.48890686035156,2918.64990234375
2019-08-12,11382.6162109375,211.28807067871094,2882.699951171875
2019-08-13,10895.830078125,208.70904541015625,2926.320068359375
2019-08-14,10051.7041015625,186.6077423095703,2840.60009765625
2019-08-15,10311.5458984375,188.50205993652344,2847.60009765625
2019-08-16,10374.3388671875,185.44007873535156,2888.679931640625
2019-08-19,10916.0537109375,203.09193420410156,2923.64990234375
2019-08-20,10763.232421875,196.56541442871094,2900.510009765625
2019-08-21,10138.0498046875,186.89163208007812,2924.429931640625
2019-08-22,10131.0556640625,191.33291625976562,2922.949951171875
2019-08-23,10407.96484375,194.70620727539062,2847.110107421875
2019-08-26,10370.8203125,188.92938232421875,2878.3798828125
2019-08-27,10185.5,187.51666259765625,2869.159912109375
2019-08-28,9754.4228515625,173.8899688720703,2887.93994140625
2019-08-29,9510.2001953125,169.51673889160156,2924.580078125
2019-08-30,9598.173828125,168.83486938476562,2926.4599609375
2019-09-03,10623.5400390625,179.49932861328125,2906.27001953125
2019-09-04,10594.4931640625,175.99288940429688,2937.780029296875
2019-09-05,10575.533203125,174.21713256835938,2976.0
2019-09-06,10353.302734375,169.9561767578125,2978.7099609375
2019-09-09,10334.974609375,181.1494598388672,2978.429931640625
2019-09-10,10115.9755859375,179.78717041015625,2979.389892578125
2019-09-11,10178.3720703125,178.72549438476562,3000.929931640625
2019-09-12,10410.126953125,181.01609802246094,3009.570068359375
2019-09-13,10360.546875,181.10972595214844,3007.389892578125
2019-09-16,10276.7939453125,197.11317443847656,2997.9599609375
2019-09-17,10241.2724609375,208.60874938964844,3005.699951171875
2019-09-18,10198.248046875,211.39303588867188,3006.72998046875
2019-09-19,10266.4150390625,221.28085327148438,3006.7900390625
2019-09-20,10181.6416015625,218.050048828125,2992.070068359375
2019-09-23,9729.32421875,201.9213104248047,2991.780029296875
2019-09-24,8620.56640625,168.11073303222656,2966.60009765625
2019-09-25,8486.9931640625,170.8927001953125,2984.8701171875
2019-09-26,8118.9677734375,166.7271270751953,2977.6201171875
2019-09-27,8251.845703125,174.71099853515625,2961.7900390625
2019-09-30,8293.8681640625,179.87220764160156,2976.739990234375
2019-10-01,8343.2763671875,177.34042358398438,2940.25
2019-10-02,8393.0419921875,180.71051025390625,2887.610107421875
2019-10-03,8259.9921875,175.1993408203125,2910.6298828125
2019-10-04,8205.939453125,176.98500061035156,2952.010009765625
2019-10-07,8245.623046875,181.18634033203125,2938.7900390625
2019-10-08,8228.783203125,182.0215606689453,2893.06005859375
2019-10-09,8595.740234375,193.2932586669922,2919.39990234375
2019-10-10,8586.4736328125,191.65966796875,2938.1298828125
2019-10-11,8321.7568359375,182.56968688964844,2970.27001953125
2019-10-14,8374.6865234375,186.96090698242188,2966.14990234375
2019-10-15,8205.369140625,181.40606689453125,2995.679931640625
2019-10-16,8047.52685546875,176.0135040283203,2989.68994140625
2019-10-17,8103.9111328125,178.02835083007812,2997.949951171875
2019-10-18,7973.20751953125,173.621337890625,2986.199951171875
2019-10-21,8243.720703125,174.92098999023438,3006.719970703125
2019-10-22,8078.203125,172.3008575439453,2995.989990234375
2019-10-23,7514.671875,162.4027862548828,3004.52001953125
2019-10-24,7493.48876953125,162.16854858398438,3010.2900390625
2019-10-25,8660.7001953125,181.52320861816406,3022.550048828125
2019-10-28,9256.1484375,182.66281127929688,3039.419921875
2019-10-29,9427.6875,190.3425750732422,3036.889892578125
2019-10-30,9205.7265625,184.69216918945312,3046.77001953125
2019-10-31,9199.5849609375,183.9669189453125,3037.56005859375
2019-11-01,9261.1044921875,183.9698944091797,3066.909912109375
2019-11-04,9412.6123046875,186.35519409179688,3078.27001953125
2019-11-05,9342.52734375,189.30416870117188,3074.6201171875
2019-11-06,9360.8798828125,191.59384155273438,3076.780029296875
2019-11-07,9267.5615234375,187.97654724121094,3085.179931640625
2019-11-08,8804.880859375,184.2114715576172,3093.080078125
2019-11-11,8757.7880859375,185.48963928222656,3087.010009765625
2019-11-12,8815.662109375,186.84341430664062,3091.840087890625
2019-11-13,8808.2626953125,188.2587432861328,3094.0400390625
2019-11-14,8708.0947265625,185.9996337890625,3096.6298828125
2019-11-15,8491.9921875,180.52117919921875,3120.4599609375
2019-11-18,8309.2861328125,180.55960083007812,3122.030029296875
2019-11-19,8206.1455078125,177.45555114746094,3120.179931640625
2019-11-20,8027.26806640625,175.69834899902344,3108.4599609375
2019-11-21,7642.75,161.4627227783203,3103.5400390625
2019-11-22,7296.57763671875,150.26817321777344,3110.2900390625
2019-11-25,7146.1337890625,146.47653198242188,3133.639892578125
2019-11-26,7218.37109375,148.96507263183594,3140.52001953125
2019-11-27,7531.66357421875,153.01055908203125,3153.6298828125
2019-11-29,7761.24365234375,155.3041534423828,3140.97998046875
2019-12-02,7321.98828125,149.0591583251953,3113.8701171875
2019-12-03,7320.1455078125,147.9564208984375,3093.199951171875
2019-12-04,7252.03466796875,146.74774169921875,3112.760009765625
2019-12-05,7448.3076171875,149.24899291992188,3117.429931640625
2019-12-06,7546.99658203125,149.19444274902344,3145.909912109375
2019-12-09,7400.8994140625,148.2251739501953,3135.9599609375
2019-12-10,7278.11962890625,146.2670440673828,3132.52001953125
2019-12-11,7217.42724609375,143.60800170898438,3141.6298828125
2019-12-12,7243.13427734375,145.60400390625,3168.570068359375
2019-12-13,7269.6845703125,144.9447479248047,3168.800048828125
2019-12-16,6932.48046875,133.61402893066406,3191.449951171875
2019-12-17,6640.51513671875,122.60388946533203,3192.52001953125
2019-12-18,7276.802734375,133.09219360351562,3191.139892578125
2019-12-19,7202.84423828125,129.32113647460938,3205.3701171875
2019-12-20,7218.81640625,129.06605529785156,3221.219970703125
2019-12-23,7355.62841796875,128.6140899658203,3224.010009765625
2019-12-24,7322.5322265625,129.0638885498047,3223.3798828125
2019-12-26,7238.966796875,126.36122131347656,3239.909912109375
2019-12-27,7290.08837890625,127.21460723876953,3240.02001953125
2019-12-30,7292.9951171875,132.63348388671875,3221.2900390625
2019-12-31,7193.59912109375,129.61085510253906,3230.780029296875
2020-01-02,6985.47021484375,127.4101791381836,3257.85009765625
2020-01-03,7344.88427734375,134.1717071533203,3234.85009765625
2020-01-06,7769.21923828125,144.3041534423828,3246.280029296875
2020-01-07,8163.6923828125,143.5439910888672,3237.179931640625
2020-01-08,8079.86279296875,141.2581329345703,3253.050048828125
2020-01-09,7879.0712890625,138.9792022705078,3274.699951171875
2020-01-10,8166.55419921875,143.96377563476562,3265.35009765625
2020-01-13,8144.1943359375,144.22659301757812,3288.1298828125
2020-01-14,8827.7646484375,165.95535278320312,3283.14990234375
2020-01-15,8807.0107421875,166.23068237304688,3289.2900390625
2020-01-16,8723.7861328125,164.39100646972656,3316.81005859375
2020-01-17,8929.0380859375,170.7799530029297,3329.6201171875
2020-01-21,8745.89453125,169.69715881347656,3320.7900390625
2020-01-22,8680.8759765625,168.29415893554688,3321.75
2020-01-23,8406.515625,162.92855834960938,3325.5400390625
2020-01-24,8445.4345703125,163.05117797851562,3295.469970703125
2020-01-27,8909.8193359375,170.93089294433594,3243.6298828125
2020-01-28,9358.58984375,176.3703155517578,3276.239990234375
2020-01-29,9316.6298828125,175.0503387451172,3273.39990234375
2020-01-30,9508.9931640625,184.6904754638672,3283.659912109375
2020-01-31,9350.529296875,180.16017150878906,3225.52001953125
2020-02-03,9293.521484375,189.8650665283203,3248.919921875
2020-02-04,9180.962890625,189.25059509277344,3297.590087890625
2020-02-05,9613.423828125,204.23023986816406,3334.68994140625
2020-02-06,9729.8017578125,212.33908081054688,3345.780029296875
2020-02-07,9795.943359375,222.72605895996094,3327.7099609375
2020-02-10,9856.611328125,223.522705078125,3352.090087890625
2020-02-11,10208.236328125,235.8511962890625,3357.75
2020-02-12,10326.0546875,265.4061279296875,3379.449951171875
2020-02-13,10214.3798828125,268.0992431640625,3373.93994140625
2020-02-14,10312.1162109375,284.2174987792969,3380.159912109375
2020-02-18,10141.99609375,281.944580078125,3370.2900390625
2020-02-19,9633.38671875,259.76397705078125,3386.14990234375
2020-02-20,9608.4755859375,257.949462890625,3373.22998046875
2020-02-21,9686.44140625,265.6006164550781,3337.75
2020-02-24,9650.1748046875,265.2164306640625,3225.889892578125
2020-02-25,9341.705078125,247.81759643554688,3128.2099609375
2020-02-26,8820.5224609375,225.68026733398438,3116.389892578125
2020-02-27,8784.494140625,226.75338745117188,2978.760009765625
2020-02-28,8672.455078125,226.760498046875,2954.219970703125
2020-03-02,8869.669921875,230.5697784423828,3090.22998046875
2020-03-03,8787.7861328125,224.47962951660156,3003.3701171875
2020-03-04,8755.24609375,224.51797485351562,3130.1201171875
2020-03-05,9078.7626953125,229.2681884765625,3023.93994140625
2020-03-06,9122.5458984375,243.52529907226562,2972.3701171875
2020-03-09,7923.64453125,201.986328125,2746.56005859375
2020-03-10,7909.7294921875,200.76724243164062,2882.22998046875
2020-03-11,7911.43017578125,194.8685302734375,2741.3798828125
2020-03-12,4970.7880859375,112.34712219238281,2480.639892578125
2020-03-13,5563.70703125,133.20181274414062,2711.02001953125
2020-03-16,5014.47998046875,110.60587310791016,2386.1298828125
2020-03-17,5225.62939453125,113.9427490234375,2529.18994140625
2020-03-18,5238.4384765625,114.84226989746094,2398.10009765625
2020-03-19,6191.19287109375,136.59385681152344,2409.389892578125
2020-03-20,6198.7783203125,132.73716735839844,2304.919921875
2020-03-23,6416.31494140625,134.91160583496094,2237.39990234375
2020-03-24,6734.8037109375,138.76144409179688,2447.330078125
2020-03-25,6681.06298828125,136.19589233398438,2475.56005859375
2020-03-26,6716.4404296875,138.36155700683594,2630.070068359375
2020-03-27,6469.79833984375,133.9379425048828,2541.469970703125
2020-03-30,6429.841796875,132.904541015625,2626.64990234375
2020-03-31,6438.64453125,133.59356689453125,2584.590087890625
2020-04-01,6606.7763671875,135.63455200195312,2470.5
2020-04-02,6793.62451171875,142.02914428710938,2526.89990234375
2020-04-03,6733.38720703125,142.09130859375,2488.64990234375
2020-04-06,7271.78125,169.13587951660156,2663.679931640625
2020-04-07,7176.41455078125,165.10194396972656,2659.409912109375
2020-04-08,7334.0986328125,172.64173889160156,2749.97998046875
2020-04-09,7302.08935546875,170.80714416503906,2789.820068359375
2020-04-13,6845.03759765625,156.27955627441406,2761.6298828125
2020-04-14,6842.427734375,157.5963897705078,2846.06005859375
2020-04-15,6642.10986328125,153.28689575195312,2783.360107421875
2020-04-16,7116.80419921875,172.15737915039062,2799.550048828125
2020-04-17,7096.1845703125,171.63858032226562,2874.56005859375
2020-04-20,6881.95849609375,172.2971649169922,2823.159912109375
2020-04-21,6880.3232421875,172.73770141601562,2736.56005859375
2020-04-22,7117.20751953125,182.59957885742188,2799.31005859375
2020-04-23,7429.724609375,185.02867126464844,2797.800048828125
2020-04-24,7550.90087890625,189.2369384765625,2836.739990234375
2020-04-27,7795.60107421875,197.22471618652344,2878.47998046875
2020-04-28,7807.05859375,198.41539001464844,2863.389892578125
2020-04-29,8801.0380859375,216.96823120117188,2939.510009765625
2020-04-30,8658.5537109375,207.60205078125,2912.429931640625
2020-05-01,8864.7666015625,214.21910095214844,2830.7099609375
2020-05-04,8912.654296875,208.17401123046875,2842.739990234375
2020-05-05,9003.0703125,206.77439880371094,2868.43994140625
2020-05-06,9268.76171875,204.0557861328125,2848.419921875
2020-05-07,9951.5185546875,212.28941345214844,2881.18994140625
2020-05-08,9842.666015625,212.9915771484375,2929.800048828125
2020-05-11,8601.7958984375,185.912841796875,2930.18994140625
2020-05-12,8804.4775390625,189.3125,2870.1201171875
2020-05-13,9269.9873046875,199.1932830810547,2820.0
2020-05-14,9733.7216796875,202.9490966796875,2852.5
2020-05-15,9328.197265625,195.62266540527344,2863.699951171875
2020-05-18,9726.5751953125,214.52505493164062,2953.909912109375
2020-05-19,9729.0380859375,213.45111083984375,2922.93994140625
2020-05-20,9522.9814453125,210.09674072265625,2971.610107421875
2020-05-21,9081.76171875,199.88360595703125,2948.510009765625
2020-05-22,9182.5771484375,207.169189453125,2955.449951171875
2020-05-26,8835.052734375,201.90231323242188,2991.77001953125
2020-05-27,9181.017578125,208.86343383789062,3036.1298828125
2020-05-28,9525.7509765625,219.84042358398438,3029.72998046875
2020-05-29,9439.1240234375,220.6751251220703,3044.31005859375
2020-06-01,10167.2685546875,246.99176025390625,3055.72998046875
2020-06-02,9529.8037109375,237.21905517578125,3080.820068359375
2020-06-03,9656.7177734375,244.1793212890625,3122.8701171875
2020-06-04,9800.63671875,244.4263916015625,3112.35009765625
2020-06-05,9665.533203125,241.22198486328125,3193.929931640625
2020-06-08,9771.4892578125,246.30990600585938,3232.389892578125
2020-06-09,9795.7001953125,244.9114532470703,3207.179931640625
2020-06-10,9870.0947265625,247.4449462890625,3190.139892578125
2020-06-11,9321.78125,231.70266723632812,3002.10009765625
2020-06-12,9480.84375,237.4932098388672,3041.31005859375
2020-06-15,9450.7021484375,229.9289093017578,3066.590087890625
2020-06-16,9538.0244140625,234.41616821289062,3124.739990234375
2020-06-17,9480.2548828125,233.0282745361328,3113.489990234375
2020-06-18,9411.8408203125,232.10116577148438,3115.340087890625
2020-06-19,9288.0185546875,227.13829040527344,3097.739990234375
2020-06-22,9648.7177734375,242.53318786621094,3117.860107421875
2020-06-23,9629.658203125,244.14215087890625,3131.2900390625
2020-06-24,9313.6103515625,235.7724609375,3050.330078125
2020-06-25,9264.8134765625,232.94448852539062,3083.760009765625
2020-06-26,9162.91796875,229.6680450439453,3009.050048828125
2020-06-29,9190.8544921875,228.1948699951172,3053.239990234375
2020-06-30,9137.9931640625,226.31500244140625,3100.2900390625
2020-07-01,9228.3251953125,231.11341857910156,3115.860107421875
2020-07-02,9123.41015625,229.39219665527344,3130.010009765625
2020-07-06,9375.474609375,241.51022338867188,3179.719970703125
2020-07-07,9252.27734375,239.07553100585938,3145.320068359375
2020-07-08,9428.3330078125,246.67001342773438,3169.93994140625
2020-07-09,9277.9677734375,243.01596069335938,3152.050048828125
2020-07-10,9278.8076171875,240.9849853515625,3185.0400390625
2020-07-13,9243.6142578125,239.60458374023438,3155.219970703125
2020-07-14,9243.2138671875,240.21148681640625,3197.52001953125
2020-07-15,9192.8369140625,238.42352294921875,3226.56005859375
2020-07-16,9132.2275390625,233.64088439941406,3215.570068359375
2020-07-17,9151.392578125,232.77308654785156,3224.72998046875
2020-07-20,9164.2314453125,236.15316772460938,3251.840087890625
2020-07-21,9374.8876953125,245.0167236328125,3257.300048828125
2020-07-22,9525.36328125,262.1906433105469,3276.02001953125
2020-07-23,9581.072265625,274.6890563964844,3235.659912109375
2020-07-24,9536.892578125,279.2154235839844,3215.6298828125
2020-07-27,10990.873046875,321.51409912109375,3239.409912109375
2020-07-28,10912.8232421875,316.6572570800781,3218.43994140625
2020-07-29,11100.4677734375,318.1908874511719,3258.43994140625
2020-07-30,11111.2138671875,334.5866394042969,3246.219970703125
2020-07-31,11323.466796875,345.5546569824219,3271.1201171875
2020-08-03,11246.3486328125,386.295166015625,3294.610107421875
2020-08-04,11205.892578125,389.87548828125,3306.510009765625
2020-08-05,11747.0224609375,401.590576171875,3327.77001953125
2020-08-06,11779.7734375,394.9619445800781,3349.159912109375
2020-08-07,11601.47265625,379.5128479003906,3351.280029296875
2020-08-10,11878.111328125,395.8875732421875,3360.469970703125
2020-08-11,11410.525390625,380.3840637207031,3333.68994140625
2020-08-12,11584.9345703125,391.024169921875,3380.35009765625
2020-08-13,11784.1376953125,428.7417907714844,3373.429931640625
2020-08-14,11768.87109375,437.3978271484375,3372.85009765625
2020-08-17,12254.40234375,429.53125,3381.989990234375
2020-08-18,11991.2333984375,423.6693115234375,3389.780029296875
2020-08-19,11758.283203125,406.4637756347656,3374.85009765625
2020-08-20,11878.3720703125,416.4397888183594,3385.510009765625
2020-08-21,11592.4892578125,389.1263427734375,3397.159912109375
2020-08-24,11774.595703125,408.1441955566406,3431.280029296875
2020-08-25,11366.134765625,384.00103759765625,3443.6201171875
2020-08-26,11488.36328125,386.46612548828125,3478.72998046875
2020-08-27,11323.3974609375,382.63262939453125,3484.550048828125
2020-08-28,11542.5,395.8746643066406,3508.010009765625
2020-08-31,11680.8203125,435.0797424316406,3500.31005859375
2020-09-01,11970.478515625,477.0519104003906,3526.64990234375
2020-09-02,11414.0341796875,440.0404968261719,3580.840087890625
2020-09-03,10245.296875,385.67193603515625,3455.06005859375
2020-09-04,10511.8134765625,388.24114990234375,3426.9599609375
2020-09-08,10131.5166015625,337.60211181640625,3331.840087890625
2020-09-09,10242.34765625,351.1100158691406,3398.9599609375
2020-09-10,10363.138671875,368.1018981933594,3339.18994140625
2020-09-11,10400.9150390625,374.6955871582031,3340.969970703125
2020-09-14,10680.837890625,377.26885986328125,3383.5400390625
2020-09-15,10796.951171875,364.8392028808594,3401.199951171875
2020-09-16,10974.9052734375,365.8122863769531,3385.489990234375
2020-09-17,10948.990234375,389.01922607421875,3357.010009765625
2020-09-18,10944.5859375,384.3645324707031,3319.469970703125
2020-09-21,10462.259765625,341.78607177734375,3281.06005859375
2020-09-22,10538.4599609375,344.503173828125,3315.570068359375
2020-09-23,10246.1865234375,321.1163024902344,3236.919921875
2020-09-24,10760.06640625,349.3555908203125,3246.590087890625
2020-09-25,10692.716796875,352.1832580566406,3298.4599609375
2020-09-28,10709.65234375,355.159423828125,3351.60009765625
2020-09-29,10844.640625,359.75738525390625,3335.469970703125
2020-09-30,10784.4912109375,359.9378662109375,3363.0
2020-10-01,10619.4521484375,353.2059020996094,3380.800048828125
2020-10-02,10575.974609375,346.2389221191406,3348.419921875
2020-10-05,10793.33984375,353.956787109375,3408.60009765625
2020-10-06,10604.40625,340.81585693359375,3360.969970703125
2020-10-07,10668.96875,341.80865478515625,3419.43994140625
2020-10-08,10915.685546875,350.7661437988281,3446.830078125
2020-10-09,11064.4580078125,365.5904846191406,3477.139892578125
2020-10-12,11555.36328125,387.73126220703125,3534.219970703125
2020-10-13,11425.8994140625,381.1907653808594,3511.929931640625
2020-10-14,11429.5068359375,379.4840393066406,3488.669921875
2020-10-15,11495.349609375,377.44183349609375,3483.340087890625
2020-10-16,11322.123046875,366.22900390625,3483.81005859375
2020-10-19,11742.037109375,379.93560791015625,3426.919921875
2020-10-20,11916.3349609375,369.13690185546875,3443.1201171875
2020-10-21,12823.689453125,392.1899719238281,3435.56005859375
2020-10-22,12965.8916015625,413.7729797363281,3453.489990234375
2020-10-23,12931.5390625,409.7666931152344,3465.389892578125
2020-10-26,13075.248046875,393.8883056640625,3400.969970703125
2020-10-27,13654.21875,403.9970397949219,3390.679931640625
2020-10-28,13271.28515625,388.6507568359375,3271.030029296875
2020-10-29,13437.8828125,386.7301025390625,3310.110107421875
2020-10-30,13546.5224609375,382.8199768066406,3269.9599609375
2020-11-02,13550.4892578125,383.15673828125,3310.239990234375
2020-11-03,13950.30078125,387.6021728515625,3369.159912109375
2020-11-04,14133.70703125,402.1419982910156,3443.43994140625
2020-11-05,15579.8486328125,414.0673522949219,3510.449951171875
2020-11-06,15565.880859375,454.71929931640625,3509.43994140625
2020-11-09,15332.3154296875,444.1630554199219,3550.5
2020-11-10,15290.90234375,449.67962646484375,3545.530029296875
2020-11-11,15701.33984375,462.9605407714844,3572.659912109375
2020-11-12,16276.34375,461.0052795410156,3537.010009765625
2020-11-13,16317.80859375,474.6264343261719,3585.14990234375
2020-11-16,16716.111328125,459.9403076171875,3626.909912109375
2020-11-17,17645.40625,480.3600769042969,3609.530029296875
2020-11-18,17804.005859375,479.48406982421875,3567.7900390625
2020-11-19,17817.08984375,471.63043212890625,3581.8701171875
2020-11-20,18621.314453125,509.74456787109375,3557.5400390625
2020-11-23,18364.12109375,608.4540405273438,3577.590087890625
2020-11-24,19107.46484375,603.8977661132812,3635.409912109375
2020-11-25,18732.12109375,570.6866455078125,3629.64990234375
2020-11-27,17108.40234375,517.4937133789062,3638.35009765625
2020-11-30,19625.8359375,614.842529296875,3621.6298828125
2020-12-01,18802.998046875,587.3241577148438,3662.449951171875
2020-12-02,19201.091796875,598.3523559570312,3669.010009765625
2020-12-03,19445.3984375,616.708740234375,3666.719970703125
2020-12-04,18699.765625,569.3541870117188,3699.1201171875
2020-12-07,19191.630859375,591.8433837890625,3691.9599609375
2020-12-08,18321.14453125,554.8277587890625,3702.25
2020-12-09,18553.916015625,573.4791259765625,3672.820068359375
2020-12-10,18264.9921875,559.6785278320312,3668.10009765625
2020-12-11,18058.904296875,545.79736328125,3663.4599609375
2020-12-14,19246.64453125,586.0111694335938,3647.489990234375
2020-12-15,19417.076171875,589.3555908203125,3694.6201171875
2020-12-16,21310.59765625,636.1818237304688,3701.169921875
2020-12-17,22805.162109375,642.8689575195312,3722.47998046875
2020-12-18,23137.9609375,654.8119506835938,3709.409912109375
2020-12-21,22803.08203125,609.81787109375,3694.919921875
2020-12-22,23783.029296875,634.8541870117188,3687.260009765625
2020-12-23,23241.345703125,583.714599609375,3690.010009765625
2020-12-24,23735.94921875,611.607177734375,3703.06005859375
2020-12-28,27084.80859375,730.3973388671875,3735.360107421875
2020-12-29,27362.4375,731.5201416015625,3727.0400390625
2020-12-30,28840.953125,751.6189575195312,3732.0400390625
2020-12-31,29001.720703125,737.8034057617188,3756.070068359375
2021-01-04,31971.9140625,1040.2330322265625,3700.64990234375
2021-01-05,33992.4296875,1100.006103515625,3726.860107421875
2021-01-06,36824.36328125,1207.1121826171875,3748.139892578125
2021-01-07,39371.04296875,1225.6781005859375,3803.7900390625
2021-01-08,40797.609375,1224.1971435546875,3824.679931640625
2021-01-11,35566.65625,1090.1453857421875,3799.610107421875
2021-01-12,33922.9609375,1043.4345703125,3801.18994140625
2021-01-13,37316.359375,1130.7393798828125,3809.840087890625
2021-01-14,39187.328125,1218.4530029296875,3795.5400390625
2021-01-15,36825.3671875,1171.8345947265625,3768.25
2021-01-19,36069.8046875,1377.2958984375,3798.909912109375
2021-01-20,35547.75,1382.2740478515625,3851.85009765625
2021-01-21,30825.69921875,1121.5709228515625,3853.070068359375
2021-01-22,33005.76171875,1236.51220703125,3841.469970703125
2021-01-25,32366.392578125,1324.414794921875,3855.360107421875
2021-01-26,32569.849609375,1357.05810546875,3849.6201171875
2021-01-27,30432.546875,1253.1871337890625,3750.77001953125
2021-01-28,33466.09765625,1332.4921875,3787.3798828125
2021-01-29,34316.38671875,1382.5228271484375,3714.239990234375
2021-02-01,33537.17578125,1369.04052734375,3773.860107421875
2021-02-02,35510.2890625,1515.1937255859375,3826.31005859375
2021-02-03,37472.08984375,1660.9095458984375,3830.169921875
2021-02-04,36926.06640625,1594.7626953125,3871.739990234375
2021-02-05,38144.30859375,1718.65087890625,3886.830078125
2021-02-08,46196.46484375,1746.6168212890625,3915.590087890625
2021-02-09,46481.10546875,1768.0350341796875,3911.22998046875
2021-02-10,44918.18359375,1744.243408203125,3909.8798828125
2021-02-11,47909.33203125,1783.7979736328125,3916.3798828125
2021-02-12,47504.8515625,1843.5325927734375,3934.830078125
2021-02-16,49199.87109375,1781.0675048828125,3932.590087890625
2021-02-17,52149.0078125,1848.458251953125,3931.330078125
2021-02-18,51679.796875,1937.44921875,3913.969970703125
2021-02-19,55888.1328125,1960.164794921875,3906.7099609375
2021-02-22,54207.3203125,1781.992919921875,3876.5
2021-02-23,48824.42578125,1570.2039794921875,3881.3701171875
2021-02-24,49705.33203125,1626.57568359375,3925.429931640625
2021-02-25,47093.8515625,1475.7037353515625,3829.340087890625
2021-02-26,46339.76171875,1446.03369140625,3811.14990234375
2021-03-01,49631.2421875,1564.7076416015625,3901.820068359375
2021-03-02,48378.98828125,1492.6087646484375,3870.2900390625
2021-03-03,50538.2421875,1575.8531494140625,3819.719970703125
2021-03-04,48561.16796875,1541.914306640625,3768.469970703125
2021-03-05,48927.3046875,1533.2750244140625,3841.93994140625
2021-03-08,52246.5234375,1834.7279052734375,3821.35009765625
2021-03-09,54824.1171875,1868.048828125,3875.43994140625
2021-03-10,56008.55078125,1799.166259765625,3898.81005859375
2021-03-11,57805.12109375,1826.1949462890625,3939.340087890625
2021-03-12,57332.08984375,1772.1024169921875,3943.340087890625
2021-03-15,55907.19921875,1791.7022705078125,3968.93994140625
2021-03-16,56804.90234375,1806.9718017578125,3962.7099609375
2021-03-17,58870.89453125,1823.4493408203125,3974.1201171875
2021-03-18,57858.921875,1782.8551025390625,3915.4599609375
2021-03-19,58346.65234375,1817.6241455078125,3913.10009765625
2021-03-22,54529.14453125,1691.333984375,3940.590087890625
2021-03-23,54738.9453125,1678.650146484375,3910.52001953125
2021-03-24,52774.265625,1593.4134521484375,3889.139892578125
2021-03-25,51704.16015625,1595.3592529296875,3909.52001953125
2021-03-26,55137.3125,1702.842041015625,3974.5400390625
2021-03-29,57750.19921875,1819.6849365234375,3971.090087890625
2021-03-30,58917.69140625,1846.03369140625,3958.550048828125
2021-03-31,58918.83203125,1918.362060546875,3972.889892578125
2021-04-01,59095.80859375,1977.27685546875,4019.8701171875
2021-04-05,59057.87890625,2107.88720703125,4077.909912109375
2021-04-06,58192.359375,2118.37890625,4073.93994140625
2021-04-07,56048.9375,1971.0772705078125,4079.949951171875
2021-04-08,58323.953125,2088.57373046875,4097.169921875
2021-04-09,58245.00390625,2072.10888671875,4128.7998046875
2021-04-12,59893.453125,2139.353271484375,4127.990234375
2021-04-13,63503.45703125,2299.187744140625,4141.58984375
2021-04-14,63109.6953125,2435.10498046875,4124.66015625
2021-04-15,63314.01171875,2519.1162109375,4170.419921875
2021-04-16,61572.7890625,2431.946533203125,4185.47021484375
2021-04-19,55724.265625,2166.188720703125,4163.259765625
2021-04-20,56473.03125,2330.2109375,4134.93994140625
2021-04-21,53906.08984375,2364.751708984375,4173.419921875
2021-04-22,51762.2734375,2403.53515625,4134.97998046875
2021-04-23,51093.65234375,2363.586181640625,4180.169921875
2021-04-26,54021.75390625,2534.481689453125,4187.6201171875
2021-04-27,55033.1171875,2662.865234375,4186.72021484375
2021-04-28,54824.703125,2746.380126953125,4183.18017578125
2021-04-29,53555.109375,2756.876953125,4211.47021484375
2021-04-30,57750.17578125,2773.20703125,4181.169921875
2021-05-03,57200.29296875,3431.086181640625,4192.66015625
2021-05-04,53333.5390625,3253.62939453125,4164.66015625
2021-05-05,57424.0078125,3522.783203125,4167.58984375
2021-05-06,56396.515625,3490.88037109375,4201.6201171875
2021-05-07,57356.40234375,3484.72900390625,4232.60009765625
2021-05-10,55859.796875,3952.2939453125,4188.43017578125
2021-05-11,56704.57421875,4168.701171875,4152.10009765625
2021-05-12,49150.53515625,3785.8486328125,4063.0400390625
2021-05-13,49716.19140625,3715.1484375,4112.5
2021-05-14,49880.53515625,4079.057373046875,4173.85009765625
2021-05-17,43537.51171875,3282.397705078125,4163.2900390625
2021-05-18,42909.40234375,3380.070068359375,4127.830078125
2021-05-19,37002.44140625,2460.67919921875,4115.68017578125
2021-05-20,40782.73828125,2784.294189453125,4159.1201171875
2021-05-21,37304.69140625,2430.621337890625,4155.85986328125
2021-05-24,38705.98046875,2643.591064453125,4197.0498046875
2021-05-25,38402.22265625,2706.62890625,4188.1298828125
2021-05-26,39294.19921875,2888.69873046875,4195.990234375
2021-05-27,38436.96875,2736.488525390625,4200.8798828125
2021-05-28,35697.60546875,2419.90625,4204.10986328125
2021-06-01,36684.92578125,2633.518310546875,4202.0400390625
2021-06-02,37575.1796875,2706.125,4208.1201171875
2021-06-03,39208.765625,2855.12646484375,4192.85009765625
2021-06-04,36894.40625,2688.195068359375,4229.89013671875
2021-06-07,33560.70703125,2590.26318359375,4226.52001953125
2021-06-08,33472.6328125,2517.438720703125,4227.259765625
2021-06-09,37345.12109375,2608.26708984375,4219.5498046875
2021-06-10,36702.59765625,2471.5185546875,4239.18017578125
2021-06-11,37334.3984375,2353.768798828125,4247.43994140625
2021-06-14,40218.4765625,2537.89111328125,4255.14990234375
2021-06-15,40406.26953125,2610.936767578125,4246.58984375
2021-06-16,38347.0625,2367.66357421875,4223.7001953125
2021-06-17,38053.50390625,2372.001953125,4221.85986328125
2021-06-18,35787.24609375,2231.733154296875,4166.4501953125
2021-06-21,31676.693359375,1888.447509765625,4224.7900390625
2021-06-22,32505.66015625,1874.9500732421875,4246.43994140625
2021-06-23,33723.02734375,1989.736328125,4241.83984375
2021-06-24,34662.4375,1988.456298828125,4266.490234375
2021-06-25,31637.779296875,1813.21728515625,4280.7001953125
2021-06-28,34434.3359375,2079.657470703125,4290.60986328125
2021-06-29,35867.77734375,2160.768310546875,4291.7998046875
2021-06-30,35040.8359375,2274.547607421875,4297.5
2021-07-01,33572.1171875,2113.60546875,4319.93994140625
2021-07-02,33897.046875,2150.040283203125,4352.33984375
2021-07-06,34235.1953125,2324.679443359375,4343.5400390625
2021-07-07,33855.328125,2315.161865234375,4358.1298828125
2021-07-08,32877.37109375,2120.0263671875,4320.81982421875
2021-07-09,33798.01171875,2146.6923828125,4369.5498046875
2021-07-12,33155.84765625,2036.7210693359375,4384.6298828125
2021-07-13,32702.025390625,1940.083984375,4369.2099609375
2021-07-14,32822.34765625,1994.331298828125,4374.2998046875
2021-07-15,31780.73046875,1911.1756591796875,4360.02978515625
2021-07-16,31421.5390625,1880.3829345703125,4327.16015625
2021-07-19,30817.83203125,1817.296630859375,4258.490234375
2021-07-20,29807.34765625,1787.5107421875,4323.06005859375
2021-07-21,32110.693359375,1990.9708251953125,4358.68994140625
2021-07-22,32313.10546875,2025.2027587890625,4367.47998046875
2021-07-23,33581.55078125,2124.776611328125,4411.7900390625
2021-07-26,37337.53515625,2233.36669921875,4422.2998046875
2021-07-27,39406.94140625,2298.33349609375,4401.4599609375
2021-07-28,39995.90625,2296.54541015625,4400.64013671875
2021-07-29,40008.421875,2380.956787109375,4419.14990234375
2021-07-30,42235.546875,2466.96142578125,4395.259765625
2021-08-02,39201.9453125,2610.1533203125,4387.16015625
2021-08-03,38152.98046875,2502.349609375,4423.14990234375
2021-08-04,39747.50390625,2724.619873046875,4402.66015625
2021-08-05,40869.5546875,2827.328857421875,4429.10009765625
2021-08-06,42816.5,2890.941650390625,4436.52001953125
2021-08-09,46365.40234375,3167.856201171875,4432.35009765625
2021-08-10,45585.03125,3141.691162109375,4436.75
2021-08-11,45593.63671875,3164.2451171875,4442.41015625
2021-08-12,44428.2890625,3043.414306640625,4460.830078125
2021-08-13,47793.3203125,3322.211669921875,4468.0
2021-08-16,46004.484375,3156.509521484375,4479.7099609375
2021-08-17,44695.359375,3014.845947265625,4448.080078125
2021-08-18,44801.1875,3020.08984375,4400.27001953125
2021-08-19,46717.578125,3182.7021484375,4405.7998046875
2021-08-20,49339.17578125,3286.935302734375,4441.669921875
2021-08-23,49546.1484375,3319.25732421875,4479.52978515625
2021-08-24,47706.1171875,3172.456298828125,4486.22998046875
2021-08-25,48960.7890625,3224.915283203125,4496.18994140625
2021-08-26,46942.21875,3100.325439453125,4470.0
2021-08-27,49058.66796875,3270.600830078125,4509.3701171875
2021-08-30,47054.984375,3224.374267578125,4528.7900390625
2021-08-31,47166.6875,3433.732666015625,4522.68017578125
2021-09-01,48847.02734375,3834.828125,4524.08984375
2021-09-02,49327.72265625,3790.989990234375,4536.9501953125
2021-09-03,50025.375,3940.61474609375,4535.43017578125
2021-09-07,46811.12890625,3426.394287109375,4520.02978515625
2021-09-08,46091.390625,3497.315185546875,4514.06982421875
2021-09-09,46391.421875,3427.340087890625,4493.27978515625
2021-09-10,44883.91015625,3211.505859375,4458.580078125
2021-09-13,44963.07421875,3285.51171875,4468.72998046875
2021-09-14,47092.4921875,3429.169677734375,4443.0498046875
2021-09-15,48176.34765625,3615.28271484375,4480.7001953125
2021-09-16,47783.359375,3571.294921875,4473.75
2021-09-17,47267.51953125,3398.538818359375,4432.990234375
2021-09-20,42843.80078125,2958.993408203125,4357.72998046875
2021-09-21,40693.67578125,2764.43115234375,4354.18994140625
2021-09-22,43574.5078125,3077.867919921875,4395.64013671875
2021-09-23,44895.09765625,3155.523681640625,4448.97998046875
2021-09-24,42839.75,2931.669189453125,4455.47998046875
2021-09-27,42235.73046875,2934.138916015625,4443.10986328125
2021-09-28,41034.54296875,2807.296630859375,4352.6298828125
2021-09-29,41564.36328125,2853.143310546875,4359.4599609375
2021-09-30,43790.89453125,3001.678955078125,4307.5400390625
2021-10-01,48116.94140625,3307.51611328125,4357.0400390625
2021-10-04,49112.90234375,3380.089111328125,4300.4599609375
2021-10-05,51514.8125,3518.5185546875,4345.72021484375
2021-10-06,55361.44921875,3580.56201171875,4363.5498046875
2021-10-07,53805.984375,3587.974853515625,4399.759765625
2021-10-08,53967.84765625,3563.75927734375,4391.33984375
2021-10-11,57484.7890625,3545.35400390625,4361.18994140625
2021-10-12,56041.05859375,3492.5732421875,4350.64990234375
2021-10-13,57401.09765625,3606.20166015625,4363.7998046875
2021-10-14,57321.5234375,3786.01416015625,4438.259765625
2021-10-15,61593.94921875,3862.634765625,4471.3701171875
2021-10-18,62026.078125,3748.76025390625,4486.4599609375
2021-10-19,64261.9921875,3877.65087890625,4519.6298828125
2021-10-20,65992.8359375,4155.9921875,4536.18994140625
2021-10-21,62210.171875,4054.32275390625,4549.77978515625
2021-10-22,60692.265625,3970.181884765625,4544.89990234375
2021-10-25,63039.82421875,4217.876953125,4566.47998046875
2021-10-26,60363.79296875,4131.10205078125,4574.7900390625
2021-10-27,58482.38671875,3930.25732421875,4551.68017578125
2021-10-28,60622.13671875,4287.31884765625,4596.419921875
2021-10-29,62227.96484375,4414.74658203125,4605.3798828125
2021-11-01,61004.40625,4324.626953125,4613.669921875
2021-11-02,63226.40234375,4584.798828125,4630.64990234375
2021-11-03,62970.046875,4607.19384765625,4660.56982421875
2021-11-04,61452.23046875,4537.32421875,4680.06005859375
2021-11-05,61125.67578125,4486.2431640625,4697.52978515625
2021-11-08,67566.828125,4812.08740234375,4701.7001953125
2021-11-09,66971.828125,4735.06884765625,4685.25
2021-11-10,64995.23046875,4636.17431640625,4646.7099609375
2021-11-11,64949.9609375,4730.38427734375,4649.27001953125
2021-11-12,64155.94140625,4667.115234375,4682.85009765625
2021-11-15,63557.87109375,4557.50390625,4682.7998046875
2021-11-16,60161.24609375,4216.365234375,4700.89990234375
2021-11-17,60368.01171875,4287.59375,4688.669921875
2021-11-18,56942.13671875,4000.65087890625,4704.5400390625
2021-11-19,58119.578125,4298.306640625,4697.9599609375
2021-11-22,56289.2890625,4088.457763671875,4682.93994140625
2021-11-23,57569.07421875,4340.763671875,4690.7001953125
2021-11-24,56280.42578125,4239.9814453125,4701.4599609375
2021-11-26,53569.765625,4030.908935546875,4594.6201171875
2021-11-29,57806.56640625,4445.10498046875,4655.27001953125
2021-11-30,57005.42578125,4631.47900390625,4567.0
2021-12-01,57229.828125,4586.990234375,4513.0400390625
2021-12-02,56477.81640625,4511.30224609375,4577.10009765625
2021-12-03,53598.24609375,4220.7060546875,4538.43017578125
2021-12-06,50582.625,4358.7373046875,4591.669921875
2021-12-07,50700.0859375,4315.0615234375,4686.75
2021-12-08,50504.796875,4439.35791015625,4701.2099609375
2021-12-09,47672.12109375,4119.81591796875,4667.4501953125
2021-12-10,47243.3046875,3908.49609375,4712.02001953125
2021-12-13,46737.48046875,3784.226806640625,4668.97021484375
2021-12-14,46612.6328125,3745.4404296875,4634.08984375
2021-12-15,48896.72265625,4018.388671875,4709.85009765625
2021-12-16,47665.42578125,3962.4697265625,4668.669921875
2021-12-17,46202.14453125,3879.486572265625,4620.64013671875
2021-12-20,46880.27734375,3933.844482421875,4568.02001953125
2021-12-21,48936.61328125,4020.260009765625,4649.22998046875
2021-12-22,48628.51171875,3982.099609375,4696.56005859375
2021-12-23,50784.5390625,4108.015625,4725.7900390625
2021-12-27,50640.41796875,4037.547607421875,4791.18994140625
2021-12-28,47588.85546875,3800.89306640625,4786.35009765625
2021-12-29,46444.7109375,3628.53173828125,4793.06005859375
2021-12-30,47178.125,3713.85205078125,4778.72998046875
2021-12-31,46306.4453125,3682.6328125,4766.18017578125
2022-01-03,46458.1171875,3761.38037109375,4796.56005859375
2022-01-04,45897.57421875,3794.056640625,4793.5400390625
2022-01-05,43569.00390625,3550.386962890625,4700.580078125
2022-01-06,43160.9296875,3418.408203125,4696.0498046875
2022-01-07,41557.90234375,3193.21044921875,4677.02978515625
2022-01-10,41821.26171875,3083.097900390625,4670.2900390625
2022-01-11,42735.85546875,3238.111572265625,4713.06982421875
2022-01-12,43949.1015625,3372.25830078125,4726.35009765625
2022-01-13,42591.5703125,3248.28857421875,4659.02978515625
2022-01-14,43099.69921875,3310.00146484375,4662.85009765625
2022-01-18,42375.6328125,3164.025146484375,4577.10986328125
2022-01-19,41744.328125,3095.825927734375,4532.759765625
2022-01-20,40680.41796875,3001.1201171875,4482.72998046875
2022-01-21,36457.31640625,2557.931640625,4397.93994140625
2022-01-24,36654.328125,2440.352294921875,4410.1298828125
2022-01-25,36954.00390625,2455.93505859375,4356.4501953125
2022-01-26,36852.12109375,2468.0302734375,4349.93017578125
2022-01-27,37138.234375,2423.001220703125,4326.509765625
2022-01-28,37784.33203125,2547.092041015625,4431.85009765625
2022-01-31,38483.125,2688.27880859375,4515.5498046875
2022-02-01,38743.2734375,2792.1171875,4546.5400390625
2022-02-02,36952.984375,2682.85400390625,4589.3798828125
2022-02-03,37154.6015625,2679.16259765625,4477.43994140625
2022-02-04,41500.875,2983.5869140625,4500.52978515625
2022-02-07,43840.28515625,3142.470703125,4483.8701171875
2022-02-08,44118.4453125,3122.608642578125,4521.5400390625
2022-02-09,44338.796875,3239.45703125,4587.18017578125
2022-02-10,43565.11328125,3077.482177734375,4504.080078125
2022-02-11,42407.9375,2927.383544921875,4418.64013671875
2022-02-14,42586.91796875,2933.47900390625,4401.669921875
2022-02-15,44575.203125,3179.877197265625,4471.06982421875
2022-02-16,43961.859375,3127.830078125,4475.009765625
2022-02-17,40538.01171875,2881.48193359375,4380.259765625
2022-02-18,40030.9765625,2785.7275390625,4348.8701171875
2022-02-22,38286.02734375,2639.29931640625,4304.759765625
2022-02-23,37296.5703125,2590.359619140625,4225.5
2022-02-24,38332.609375,2598.067138671875,4288.7001953125
2022-02-25,39214.21875,2764.53564453125,4384.64990234375
2022-02-28,43193.234375,2919.201171875,4373.93994140625
2022-03-01,44354.63671875,2972.485107421875,4306.259765625
2022-03-02,43924.1171875,2950.118408203125,4386.5400390625
2022-03-03,42451.7890625,2834.468994140625,4363.490234375
2022-03-04,39137.60546875,2617.156005859375,4328.8701171875
2022-03-07,38062.0390625,2497.771240234375,4201.08984375
2022-03-08,38737.26953125,2576.74755859375,4170.7001953125
2022-03-09,41982.92578125,2729.783447265625,4277.8798828125
2022-03-10,39437.4609375,2608.048583984375,4259.52001953125
2022-03-11,38794.97265625,2559.56298828125,4204.31005859375
2022-03-14,39666.75390625,2590.696044921875,4173.10986328125
2022-03-15,39338.78515625,2620.149658203125,4262.4501953125
2022-03-16,41143.9296875,2772.0556640625,4357.85986328125
2022-03-17,40951.37890625,2814.8544921875,4411.669921875
2022-03-18,41801.15625,2945.343017578125,4463.1201171875
2022-03-21,41077.99609375,2897.9765625,4461.18017578125
2022-03-22,42358.80859375,2973.131103515625,4511.60986328125
2022-03-23,42892.95703125,3031.067138671875,4456.240234375
2022-03-24,43960.93359375,3108.06201171875,4520.16015625
2022-03-25,44348.73046875,3106.67138671875,4543.06005859375
2022-03-28,47128.00390625,3336.634521484375,4575.52001953125
2022-03-29,47465.73046875,3401.98779296875,4631.60009765625
2022-03-30,47062.6640625,3385.157958984375,4602.4501953125
2022-03-31,45538.67578125,3281.642822265625,4530.41015625
2022-04-01,46281.64453125,3449.55224609375,4545.85986328125
2022-04-04,46622.67578125,3521.2412109375,4582.64013671875
2022-04-05,45555.9921875,3411.79248046875,4525.1201171875
2022-04-06,43206.73828125,3171.69189453125,4481.14990234375
2022-04-07,43503.84765625,3233.274658203125,4500.2099609375
2022-04-08,42287.6640625,3192.073974609375,4488.27978515625
2022-04-11,39521.90234375,2981.05224609375,4412.52978515625
2022-04-12,40127.18359375,3030.37646484375,4397.4501953125
2022-04-13,41166.73046875,3118.34423828125,4446.58984375
2022-04-14,39935.515625,3019.909423828125,4392.58984375
2022-04-18,40826.21484375,3057.606689453125,4391.68994140625
2022-04-19,41502.75,3104.1064453125,4462.2099609375
2022-04-20,41374.37890625,3077.745849609375,4459.4501953125
2022-04-21,40527.36328125,2987.480712890625,4393.66015625
2022-04-22,39740.3203125,2964.835693359375,4271.77978515625
2022-04-25,40458.30859375,3009.3935546875,4296.1201171875
2022-04-26,38117.4609375,2808.29833984375,4175.2001953125
2022-04-27,39241.12109375,2888.9296875,4183.9599609375
2022-04-28,39773.828125,2936.94091796875,4287.5
2022-04-29,38609.82421875,2815.601806640625,4131.93017578125
2022-05-02,38529.328125,2857.410400390625,4155.3798828125
2022-05-03,37750.453125,2783.476318359375,4175.47998046875
2022-05-04,39698.37109375,2940.644775390625,4300.169921875
2022-05-05,36575.140625,2749.213134765625,4146.8701171875
2022-05-06,36040.921875,2694.979736328125,4123.33984375
2022-05-09,30296.953125,2245.430419921875,3991.239990234375
2022-05-10,31022.90625,2343.510986328125,4001.050048828125
2022-05-11,28936.35546875,2072.108642578125,3935.179931640625
2022-05-12,29047.751953125,1961.7015380859375,3930.080078125
2022-05-13,29283.103515625,2014.418212890625,4023.889892578125
2022-05-16,29862.91796875,2022.7259521484375,4008.010009765625
2022-05-17,30425.857421875,2090.4091796875,4088.85009765625
2022-05-18,28720.271484375,1916.6561279296875,3923.679931640625
2022-05-19,30314.333984375,2018.336181640625,3900.7900390625
2022-05-20,29200.740234375,1961.315673828125,3901.360107421875
2022-05-23,29098.91015625,1972.181884765625,3973.75
2022-05-24,29655.5859375,1978.9827880859375,3941.47998046875
2022-05-25,29562.361328125,1944.827880859375,3978.72998046875
2022-05-26,29267.224609375,1803.913330078125,4057.840087890625
2022-05-27,28627.57421875,1724.9228515625,4158.240234375
2022-05-31,31792.310546875,1942.3280029296875,4132.14990234375
2022-06-01,29799.080078125,1823.5693359375,4101.22998046875
2022-06-02,30467.48828125,1834.1505126953125,4176.81982421875
2022-06-03,29704.390625,1775.07861328125,4108.5400390625
2022-06-06,31370.671875,1859.2896728515625,4121.43017578125
2022-06-07,31155.478515625,1814.04833984375,4160.68017578125
2022-06-08,30214.35546875,1793.572265625,4115.77001953125
2022-06-09,30111.998046875,1789.8260498046875,4017.820068359375
2022-06-10,29083.8046875,1665.042236328125,3900.860107421875
2022-06-13,22487.388671875,1204.582763671875,3749.6298828125
2022-06-14,22206.79296875,1211.662841796875,3735.47998046875
2022-06-15,22572.83984375,1233.2064208984375,3789.989990234375
2022-06-16,20381.650390625,1067.730712890625,3666.77001953125
2022-06-17,20471.482421875,1086.519287109375,3674.840087890625
2022-06-21,20710.59765625,1124.8245849609375,3764.7900390625
2022-06-22,19987.029296875,1051.421875,3759.889892578125
2022-06-23,21085.876953125,1143.38671875,3795.72998046875
2022-06-24,21231.65625,1226.8447265625,3911.739990234375
2022-06-27,20735.478515625,1193.6806640625,3900.110107421875
2022-06-28,20280.634765625,1144.5792236328125,3821.550048828125
2022-06-29,20104.0234375,1098.94384765625,3818.830078125
2022-06-30,19784.7265625,1067.298828125,3785.3798828125
2022-07-01,19269.3671875,1059.767333984375,3825.330078125
2022-07-05,20190.115234375,1134.541015625,3831.389892578125
2022-07-06,20548.24609375,1186.9739990234375,3845.080078125
2022-07-07,21637.587890625,1237.5933837890625,3902.6201171875
2022-07-08,21731.1171875,1222.5062255859375,3899.3798828125
2022-07-11,19970.556640625,1097.236572265625,3854.429931640625
2022-07-12,19323.9140625,1038.191650390625,3818.800048828125
2022-07-13,20212.07421875,1113.587158203125,3801.780029296875
2022-07-14,20569.919921875,1191.5262451171875,3790.3798828125
2022-07-15,20836.328125,1233.129150390625,3863.159912109375
2022-07-18,22485.689453125,1578.7178955078125,3830.85009765625
2022-07-19,23389.43359375,1542.9752197265625,3936.68994140625
2022-07-20,23231.732421875,1520.20068359375,3959.89990234375
2022-07-21,23164.62890625,1576.74951171875,3998.949951171875
2022-07-22,22714.978515625,1537.4051513671875,3961.6298828125
2022-07-25,21361.701171875,1445.3834228515625,3966.840087890625
2022-07-26,21239.75390625,1441.8067626953125,3921.050048828125
2022-07-27,22930.548828125,1636.232666015625,4023.610107421875
2022-07-28,23843.88671875,1725.4681396484375,4072.429931640625
2022-07-29,23804.6328125,1727.406982421875,4130.2900390625
2022-08-01,23314.19921875,1635.19580078125,4118.6298828125
2022-08-02,22978.1171875,1632.9454345703125,4091.18994140625
2022-08-03,22846.5078125,1618.87451171875,4155.169921875
2022-08-04,22630.95703125,1608.205810546875,4151.93994140625
2022-08-05,23289.314453125,1732.254638671875,4145.18994140625
2022-08-08,23809.486328125,1775.51611328125,4140.06005859375
2022-08-09,23164.318359375,1703.0250244140625,4122.47021484375
2022-08-10,23947.642578125,1851.74267578125,4210.240234375
2022-08-11,23957.529296875,1881.22412109375,4207.27001953125
2022-08-12,24402.818359375,1957.2464599609375,4280.14990234375
2022-08-15,24136.97265625,1904.2281494140625,4297.14013671875
2022-08-16,23883.291015625,1878.139404296875,4305.2001953125
2022-08-17,23335.998046875,1832.9996337890625,4274.0400390625
2022-08-18,23212.73828125,1847.0078125,4283.740234375
2022-08-19,20877.552734375,1612.9873046875,4228.47998046875
2022-08-22,21398.908203125,1622.505859375,4137.990234375
2022-08-23,21528.087890625,1662.7698974609375,4128.72998046875
2022-08-24,21395.01953125,1657.0592041015625,4140.77001953125
2022-08-25,21600.904296875,1696.45703125,4199.1201171875
2022-08-26,20260.01953125,1507.7828369140625,4057.659912109375
2022-08-29,20297.994140625,1553.037353515625,4030.610107421875
2022-08-30,19796.80859375,1523.8388671875,3986.159912109375
2022-08-31,20049.763671875,1553.6849365234375,3955.0
2022-09-01,20127.140625,1586.1767578125,3966.85009765625
2022-09-02,19969.771484375,1577.220458984375,3924.260009765625
2022-09-06,18837.66796875,1561.74853515625,3908.18994140625
2022-09-07,19290.32421875,1629.9063720703125,3979.8701171875
2022-09-08,19329.833984375,1635.34765625,4006.179931640625
2022-09-09,21381.15234375,1719.08544921875,4067.360107421875
2022-09-12,22370.44921875,1713.7652587890625,4110.41015625
2022-09-13,20296.70703125,1580.7879638671875,3932.68994140625
2022-09-14,20241.08984375,1634.7550048828125,3946.010009765625
2022-09-15,19701.2109375,1471.6934814453125,3901.35009765625
2022-09-16,19772.583984375,1432.44775390625,3873.330078125
2022-09-19,19544.12890625,1377.5413818359375,3899.889892578125
2022-09-20,18890.7890625,1324.38818359375,3855.929931640625
2022-09-21,18547.400390625,1252.6077880859375,3789.929931640625
2022-09-22,19413.55078125,1327.68017578125,3757.989990234375
2022-09-23,19297.638671875,1328.259521484375,3693.22998046875
2022-09-26,19222.671875,1335.3201904296875,3655.0400390625
2022-09-27,19110.546875,1330.127685546875,3647.2900390625
2022-09-28,19426.720703125,1337.410888671875,3719.0400390625
2022-09-29,19573.05078125,1335.65234375,3640.469970703125
2022-09-30,19431.7890625,1327.9786376953125,3585.6201171875
2022-10-03,19623.580078125,1323.439208984375,3678.429931640625
2022-10-04,20336.84375,1362.1265869140625,3790.929931640625
2022-10-05,20160.716796875,1352.837158203125,3783.280029296875
2022-10-06,19955.443359375,1351.70947265625,3744.52001953125
2022-10-07,19546.849609375,1332.5169677734375,3639.659912109375
2022-10-10,19141.484375,1291.337646484375,3612.389892578125
2022-10-11,19051.41796875,1279.57568359375,3588.840087890625
2022-10-12,19157.4453125,1294.9063720703125,3577.030029296875
2022-10-13,19382.904296875,1288.1239013671875,3669.909912109375
2022-10-14,19185.65625,1297.422119140625,3583.070068359375
2022-10-17,19550.7578125,1331.713623046875,3677.949951171875
2022-10-18,19334.416015625,1310.447021484375,3719.97998046875
2022-10-19,19139.53515625,1285.7442626953125,3695.159912109375
2022-10-20,19053.740234375,1283.200927734375,3665.780029296875
2022-10-21,19172.46875,1299.9464111328125,3752.75
2022-10-24,19345.572265625,1344.99853515625,3797.340087890625
2022-10-25,20095.857421875,1461.6654052734375,3859.110107421875
2022-10-26,20770.44140625,1566.566650390625,3830.60009765625
2022-10-27,20285.8359375,1514.3748779296875,3807.300048828125
2022-10-28,20595.3515625,1555.4779052734375,3901.06005859375
2022-10-31,20495.7734375,1572.7144775390625,3871.97998046875
2022-11-01,20485.2734375,1579.70458984375,3856.10009765625
2022-11-02,20159.50390625,1519.7117919921875,3759.68994140625
2022-11-03,20209.98828125,1531.541748046875,3719.889892578125
2022-11-04,21147.23046875,1645.0933837890625,3770.550048828125
2022-11-07,20602.81640625,1568.59130859375,3806.800048828125
2022-11-08,18541.271484375,1332.8355712890625,3828.110107421875
2022-11-09,15880.7802734375,1100.1697998046875,3748.570068359375
2022-11-10,17586.771484375,1299.464599609375,3956.3701171875
2022-11-11,17034.29296875,1287.2210693359375,3992.929931640625
2022-11-14,16618.19921875,1241.604248046875,3957.25
2022-11-15,16884.61328125,1251.7362060546875,3991.72998046875
2022-11-16,16669.439453125,1215.6025390625,3958.7900390625
2022-11-17,16687.517578125,1200.80859375,3946.56005859375
2022-11-18,16697.77734375,1212.30029296875,3965.340087890625
2022-11-21,15787.2841796875,1108.35302734375,3949.93994140625
2022-11-22,16189.76953125,1135.1734619140625,4003.580078125
2022-11-23,16610.70703125,1183.1995849609375,4027.260009765625
2022-11-25,16521.841796875,1198.9259033203125,4026.1201171875
2022-11-28,16217.322265625,1170.086181640625,3963.93994140625
2022-11-29,16444.982421875,1216.9012451171875,3957.6298828125
2022-11-30,17168.56640625,1295.6885986328125,4080.110107421875
2022-12-01,16967.1328125,1276.27392578125,4076.570068359375
2022-12-02,17088.66015625,1294.3033447265625,4071.699951171875
2022-12-05,16974.826171875,1259.6767578125,3998.840087890625
2022-12-06,17089.50390625,1271.65380859375,3941.260009765625
2022-12-07,16848.126953125,1232.4375,3933.919921875
2022-12-08,17233.474609375,1281.1163330078125,3963.510009765625
2022-12-09,17133.15234375,1264.2847900390625,3934.3798828125
2022-12-12,17206.4375,1274.6190185546875,3990.56005859375
2022-12-13,17781.318359375,1320.5491943359375,4019.64990234375
2022-12-14,17815.650390625,1309.3287353515625,3995.320068359375
2022-12-15,17364.865234375,1266.3538818359375,3895.75
2022-12-16,16647.484375,1168.2593994140625,3852.360107421875
2022-12-19,16439.6796875,1167.60986328125,3817.659912109375
2022-12-20,16906.3046875,1217.70361328125,3821.6201171875
2022-12-21,16817.53515625,1213.5999755859375,3878.43994140625
2022-12-22,16830.341796875,1218.18212890625,3822.389892578125
2022-12-23,16796.953125,1220.159423828125,3844.820068359375
2022-12-27,16717.173828125,1212.7916259765625,3829.25
2022-12-28,16552.572265625,1189.986083984375,3783.219970703125
2022-12-29,16642.341796875,1201.5953369140625,3849.280029296875
2022-12-30,16602.5859375,1199.2327880859375,3839.5
2023-01-03,16679.857421875,1214.77880859375,3824.139892578125
2023-01-04,16863.23828125,1256.526611328125,3852.969970703125
2023-01-05,16836.736328125,1250.4385986328125,3808.10009765625
2023-01-06,16951.96875,1269.3790283203125,3895.080078125
2023-01-09,17196.5546875,1321.5389404296875,3892.090087890625
2023-01-10,17446.29296875,1336.5860595703125,3919.25
2023-01-11,17934.896484375,1387.9327392578125,3969.610107421875
2023-01-12,18869.587890625,1417.9384765625,3983.169921875
2023-01-13,19909.57421875,1451.6148681640625,3999.090087890625
2023-01-17,21161.51953125,1567.8460693359375,3990.969970703125
2023-01-18,20688.78125,1515.5069580078125,3928.860107421875
2023-01-19,21086.79296875,1552.5565185546875,3898.85009765625
2023-01-20,22676.552734375,1659.754150390625,3972.610107421875
2023-01-23,22934.431640625,1628.2510986328125,4019.81005859375
2023-01-24,22636.46875,1556.604248046875,4016.949951171875
2023-01-25,23117.859375,1611.7110595703125,4016.219970703125
2023-01-26,23032.77734375,1603.10595703125,4060.429931640625
2023-01-27,23078.728515625,1598.156494140625,4070.56005859375
2023-01-30,22840.138671875,1567.3265380859375,4017.77001953125
2023-01-31,23139.283203125,1586.535400390625,4076.60009765625
2023-02-01,23723.76953125,1641.792724609375,4119.2099609375
2023-02-02,23471.87109375,1643.2415771484375,4179.759765625
2023-02-03,23449.322265625,1664.74560546875,4136.47998046875
2023-02-06,22760.109375,1616.2470703125,4111.080078125
2023-02-07,23264.291015625,1672.0035400390625,4164.0
2023-02-08,22939.3984375,1650.716796875,4117.85986328125
2023-02-09,21819.0390625,1546.438232421875,4081.5
2023-02-10,21651.18359375,1514.869140625,4090.4599609375
2023-02-13,21808.1015625,1507.1658935546875,4137.2900390625
2023-02-14,22220.8046875,1556.8751220703125,4136.1298828125
2023-02-15,24307.841796875,1673.7459716796875,4147.60009765625
2023-02-16,23623.474609375,1640.067626953125,4090.409912109375
2023-02-17,24565.6015625,1694.7833251953125,4079.090087890625
2023-02-21,24436.353515625,1658.036376953125,3997.340087890625
2023-02-22,24188.84375,1643.231689453125,3991.050048828125
2023-02-23,23947.4921875,1651.0738525390625,4012.320068359375
2023-02-24,23198.126953125,1608.3731689453125,3970.0400390625
2023-02-27,23522.87109375,1634.326416015625,3982.239990234375
2023-02-28,23147.353515625,1605.8951416015625,3970.14990234375
2023-03-01,23646.55078125,1663.4337158203125,3951.389892578125
2023-03-02,23475.466796875,1647.3193359375,3981.35009765625
2023-03-03,22362.6796875,1569.1676025390625,4045.639892578125
2023-03-06,22429.7578125,1567.398681640625,4048.419921875
2023-03-07,22219.76953125,1561.93310546875,3986.3701171875
2023-03-08,21718.080078125,1534.0882568359375,3992.010009765625
2023-03-09,20363.021484375,1438.6607666015625,3918.320068359375
2023-03-10,20187.244140625,1429.1580810546875,3861.590087890625
2023-03-13,24197.533203125,1680.3089599609375,3855.760009765625
2023-03-14,24746.07421875,1703.507080078125,3919.2900390625
2023-03-15,24375.9609375,1656.1805419921875,3891.929931640625
2023-03-16,25052.7890625,1677.2154541015625,3960.280029296875
2023-03-17,27423.9296875,1792.485107421875,3916.639892578125
2023-03-20,27767.236328125,1735.3212890625,3951.570068359375
2023-03-21,28175.81640625,1806.7607421875,4002.8701171875
2023-03-22,27307.4375,1737.717041015625,3936.969970703125
2023-03-23,28333.97265625,1816.4051513671875,3948.719970703125
2023-03-24,27493.28515625,1752.0447998046875,3970.989990234375
2023-03-27,27139.888671875,1715.4608154296875,3977.530029296875
2023-03-28,27268.130859375,1772.78564453125,3971.27001953125
2023-03-29,28348.44140625,1793.0018310546875,4027.81005859375
2023-03-30,28033.5625,1792.7371826171875,4050.830078125
2023-03-31,28478.484375,1822.0220947265625,4109.31005859375
2023-04-03,27790.220703125,1810.297119140625,4124.509765625
2023-04-04,28168.08984375,1871.005126953125,4100.60009765625
2023-04-05,28177.984375,1909.114013671875,4090.3798828125
2023-04-06,28044.140625,1872.922607421875,4105.02001953125
2023-04-10,29652.98046875,1911.20751953125,4109.10986328125
2023-04-11,30235.05859375,1892.189697265625,4108.93994140625
2023-04-12,30139.052734375,1920.68212890625,4091.949951171875
2023-04-13,30399.06640625,2012.6346435546875,4146.22021484375
2023-04-14,30485.69921875,2101.635498046875,4137.64013671875
2023-04-17,29445.044921875,2076.242919921875,4151.31982421875
2023-04-18,30397.552734375,2104.537353515625,4154.8701171875
2023-04-19,28822.6796875,1936.4034423828125,4154.52001953125
2023-04-20,28245.98828125,1943.09765625,4129.7900390625
2023-04-21,27276.91015625,1849.9998779296875,4133.52001953125
2023-04-24,27525.33984375,1842.7574462890625,4137.0400390625
2023-04-25,28307.59765625,1866.753662109375,4071.6298828125
2023-04-26,28422.701171875,1866.564208984375,4055.989990234375
2023-04-27,29473.787109375,1908.786376953125,4135.35009765625
2023-04-28,29340.26171875,1892.5128173828125,4169.47998046875
2023-05-01,28091.568359375,1831.954833984375,4167.8701171875
2023-05-02,28680.537109375,1870.789306640625,4119.580078125
2023-05-03,29006.30859375,1904.65185546875,4090.75
2023-05-04,28847.7109375,1877.7041015625,4061.219970703125
2023-05-05,29534.384765625,1995.0609130859375,4136.25
2023-05-08,27694.2734375,1849.042724609375,4138.1201171875
2023-05-09,27658.775390625,1848.6031494140625,4119.169921875
2023-05-10,27621.755859375,1842.4014892578125,4137.64013671875
2023-05-11,27000.7890625,1796.4906005859375,4130.6201171875
2023-05-12,26804.990234375,1808.019775390625,4124.080078125
2023-05-15,27192.693359375,1817.5499267578125,4136.27978515625
2023-05-16,27036.650390625,1824.1214599609375,4109.89990234375
2023-05-17,27398.802734375,1821.859619140625,4158.77001953125
2023-05-18,26832.208984375,1801.728515625,4198.0498046875
2023-05-19,26890.12890625,1812.5894775390625,4191.97998046875
2023-05-22,26851.27734375,1817.5347900390625,4192.6298828125
2023-05-23,27225.7265625,1854.380615234375,4145.580078125
2023-05-24,26334.818359375,1800.0999755859375,4115.240234375
2023-05-25,26476.20703125,1805.9537353515625,4151.27978515625
2023-05-26,26719.291015625,1828.689697265625,4205.4501953125
2023-05-30,27702.349609375,1901.026611328125,4205.52001953125
2023-05-31,27219.658203125,1874.1304931640625,4179.830078125
2023-06-01,26819.97265625,1862.201416015625,4221.02001953125
2023-06-02,27249.58984375,1907.256591796875,4282.3701171875
2023-06-05,25760.09765625,1811.828369140625,4273.7900390625
2023-06-06,27238.783203125,1884.494873046875,4283.85009765625
2023-06-07,26345.998046875,1832.39599609375,4267.52001953125
2023-06-08,26508.216796875,1846.3018798828125,4293.93017578125
2023-06-09,26480.375,1840.2252197265625,4298.85986328125
2023-06-12,25902.5,1742.5286865234375,4338.93017578125
2023-06-13,25918.728515625,1739.03759765625,4369.009765625
2023-06-14,25124.67578125,1650.519287109375,4372.58984375
2023-06-15,25576.39453125,1665.519775390625,4425.83984375
2023-06-16,26327.462890625,1716.6688232421875,4409.58984375
2023-06-20,28327.48828125,1792.1199951171875,4388.7099609375
2023-06-21,30027.296875,1891.0072021484375,4365.68994140625
2023-06-22,29912.28125,1872.9429931640625,4381.89013671875
2023-06-23,30695.46875,1892.862060546875,4348.330078125
2023-06-26,30271.130859375,1859.432861328125,4328.81982421875
2023-06-27,30688.1640625,1889.703369140625,4378.41015625
2023-06-28,30086.24609375,1827.97119140625,4376.85986328125
2023-06-29,30445.3515625,1852.227294921875,4396.43994140625
2023-06-30,30477.251953125,1933.18896484375,4450.3798828125
2023-07-03,31156.439453125,1955.38916015625,4455.58984375
2023-07-05,30514.166015625,1910.5880126953125,4446.81982421875
2023-07-06,29909.337890625,1848.636474609375,4411.58984375
2023-07-07,30342.265625,1870.6025390625,4398.9501953125
2023-07-10,30414.470703125,1880.556396484375,4409.52978515625
2023-07-11,30620.951171875,1878.3360595703125,4439.259765625
2023-07-12,30391.646484375,1872.11376953125,4472.16015625
2023-07-13,31476.048828125,2006.511474609375,4510.0400390625
2023-07-14,30334.068359375,1939.3470458984375,4505.419921875
2023-07-17,30145.888671875,1911.6461181640625,4522.7900390625
2023-07-18,29856.5625,1897.5992431640625,4554.97998046875
2023-07-19,29913.923828125,1889.0079345703125,4565.72021484375
2023-07-20,29792.015625,1890.9691162109375,4534.8701171875
2023-07-21,29908.744140625,1892.080078125,4536.33984375
2023-07-24,29176.916015625,1850.0020751953125,4554.64013671875
2023-07-25,29227.390625,1857.741943359375,4567.4599609375
2023-07-26,29354.97265625,1872.159912109375,4566.75
2023-07-27,29210.689453125,1860.357177734375,4537.41015625
2023-07-28,29319.24609375,1874.744873046875,4582.22998046875
2023-07-31,29230.111328125,1856.162353515625,4588.9599609375
2023-08-01,29675.732421875,1871.7921142578125,4576.72998046875
2023-08-02,29151.958984375,1839.0897216796875,4513.39013671875
2023-08-03,29178.6796875,1835.136474609375,4501.89013671875
2023-08-04,29074.091796875,1827.712890625,4478.02978515625
2023-08-07,29180.578125,1826.9388427734375,4518.43994140625
2023-08-08,29765.4921875,1855.807373046875,4499.3798828125
2023-08-09,29561.494140625,1854.297607421875,4467.7099609375
2023-08-10,29429.591796875,1850.75341796875,4468.830078125
2023-08-11,29397.71484375,1847.1243896484375,4464.0498046875
2023-08-14,29408.443359375,1844.185791015625,4489.72021484375
2023-08-15,29170.34765625,1826.9327392578125,4437.85986328125
2023-08-16,28701.779296875,1805.6590576171875,4404.330078125
2023-08-17,26664.55078125,1684.9334716796875,4370.35986328125
2023-08-18,26049.556640625,1660.945068359375,4369.7099609375
2023-08-21,26124.140625,1667.26904296875,4399.77001953125
2023-08-22,26031.65625,1633.892578125,4387.5498046875
2023-08-23,26431.640625,1679.2744140625,4436.009765625
2023-08-24,26162.373046875,1659.944580078125,4376.31005859375
2023-08-25,26047.66796875,1652.93505859375,4405.7099609375
2023-08-28,26106.150390625,1652.4573974609375,4433.31005859375
2023-08-29,27727.392578125,1729.7257080078125,4497.6298828125
2023-08-30,27297.265625,1705.1121826171875,4514.8701171875
2023-08-31,25931.47265625,1645.63916015625,4507.66015625
2023-09-01,25800.724609375,1628.4912109375,4515.77001953125
2023-09-05,25779.982421875,1633.62939453125,4496.830078125
2023-09-06,25753.236328125,1632.2523193359375,4465.47998046875
2023-09-07,26240.1953125,1647.5982666015625,4451.14013671875
2023-09-08,25905.654296875,1636.1378173828125,4457.490234375
2023-09-11,25162.654296875,1551.6376953125,4487.4599609375
2023-09-12,25833.34375,1592.429443359375,4461.89990234375
2023-09-13,26228.32421875,1607.988525390625,4467.43994140625
2023-09-14,26539.673828125,1626.974365234375,4505.10009765625
2023-09-15,26608.693359375,1641.640380859375,4450.31982421875
2023-09-18,26754.28125,1637.3470458984375,4453.52978515625
2023-09-19,27211.1171875,1643.544677734375,4443.9501953125
2023-09-20,27132.0078125,1622.890625,4402.2001953125
2023-09-21,26567.6328125,1584.3070068359375,4330.0
2023-09-22,26579.568359375,1593.268310546875,4320.06005859375
2023-09-25,26298.48046875,1588.3228759765625,4337.43994140625
2023-09-26,26217.25,1593.417236328125,4273.52978515625
2023-09-27,26352.716796875,1597.4912109375,4274.509765625
2023-09-28,27021.546875,1652.8826904296875,4299.7001953125
2023-09-29,26911.720703125,1667.94384765625,4288.0498046875
2023-10-02,27530.78515625,1663.6275634765625,4288.39013671875
2023-10-03,27429.978515625,1656.6856689453125,4229.4501953125
2023-10-04,27799.39453125,1647.838134765625,4263.75
2023-10-05,27415.912109375,1611.4764404296875,4258.18994140625
2023-10-06,27946.59765625,1645.83154296875,4308.5
2023-10-09,27583.677734375,1579.806640625,4335.66015625
2023-10-10,27391.01953125,1567.7130126953125,4358.240234375
2023-10-11,26873.3203125,1566.2547607421875,4376.9501953125
2023-10-12,26756.798828125,1539.6124267578125,4349.60986328125
2023-10-13,26862.375,1552.0894775390625,4327.77978515625
2023-10-16,28519.466796875,1600.5343017578125,4373.6298828125
2023-10-17,28415.748046875,1565.4395751953125,4373.2001953125
2023-10-18,28328.341796875,1563.7498779296875,4314.60009765625
2023-10-19,28719.806640625,1567.45703125,4278.0
2023-10-20,29682.94921875,1604.6668701171875,4224.16015625
2023-10-23,33086.234375,1765.3826904296875,4217.0400390625
2023-10-24,33901.52734375,1784.4375,4247.68017578125
2023-10-25,34502.8203125,1787.3975830078125,4186.77001953125
2023-10-26,34156.6484375,1804.039306640625,4137.22998046875
2023-10-27,33909.80078125,1780.0452880859375,4117.3701171875
2023-10-30,34502.36328125,1810.088623046875,4166.81982421875
2023-10-31,34667.78125,1816.458984375,4193.7998046875
2023-11-01,35437.25390625,1847.0897216796875,4237.85986328125
2023-11-02,34938.2421875,1800.6209716796875,4317.77978515625
2023-11-03,34732.32421875,1832.795166015625,4358.33984375
2023-11-06,35037.37109375,1899.83740234375,4365.97998046875
2023-11-07,35443.5625,1888.124267578125,4378.3798828125
2023-11-08,35655.27734375,1889.3223876953125,4382.77978515625
2023-11-09,36693.125,2120.56103515625,4347.35009765625
2023-11-10,37313.96875,2078.289794921875,4415.240234375
2023-11-13,36502.35546875,2055.265380859375,4411.5498046875
2023-11-14,35537.640625,1979.0526123046875,4495.7001953125
2023-11-15,37880.58203125,2060.408447265625,4502.8798828125
2023-11-16,36154.76953125,1960.881591796875,4508.240234375
2023-11-17,36596.68359375,1961.28076171875,4514.02001953125
2023-11-20,37476.95703125,2022.2391357421875,4547.3798828125
2023-11-21,35813.8125,1937.0667724609375,4538.18994140625
2023-11-22,37432.33984375,2064.42529296875,4556.6201171875
2023-11-24,37720.28125,2081.152099609375,4559.33984375
2023-11-27,37254.16796875,2027.4173583984375,4550.43017578125
2023-11-28,37831.0859375,2049.338134765625,4554.89013671875
2023-11-29,37858.4921875,2029.92919921875,4550.580078125
2023-11-30,37712.74609375,2052.55615234375,4567.7998046875
2023-12-01,38688.75,2087.139892578125,4594.6298828125
2023-12-04,41980.09765625,2243.2158203125,4569.77978515625
2023-12-05,44080.6484375,2293.841796875,4567.18017578125
2023-12-06,43746.4453125,2231.661376953125,4549.33984375
2023-12-07,43292.6640625,2357.57958984375,4585.58984375
2023-12-08,44166.6015625,2358.73193359375,4604.3701171875
2023-12-11,41243.83203125,2224.578857421875,4622.43994140625
2023-12-12,41450.22265625,2202.0380859375,4643.7001953125
2023-12-13,42890.7421875,2260.648681640625,4707.08984375
2023-12-14,43023.97265625,2316.5791015625,4719.5498046875
2023-12-15,41929.7578125,2219.33740234375,4719.18994140625
2023-12-18,42623.5390625,2217.2734375,4740.56005859375
2023-12-19,42270.52734375,2177.87255859375,4768.3701171875
2023-12-20,43652.25,2201.911376953125,4698.35009765625
2023-12-21,43869.15234375,2239.54248046875,4746.75
2023-12-22,43997.90234375,2326.52490234375,4754.6298828125
2023-12-26,42520.40234375,2231.46533203125,4774.75
2023-12-27,43442.85546875,2378.739990234375,4781.580078125
2023-12-28,42627.85546875,2347.566162109375,4783.35009765625
2023-12-29,42099.40234375,2300.690673828125,4769.830078125
2024-01-02,44957.96875,2355.83642578125,4742.830078125
2024-01-03,42848.17578125,2210.761962890625,4704.81005859375
2024-01-04,44179.921875,2269.0380859375,4688.68017578125
2024-01-05,44162.69140625,2268.647216796875,4697.240234375
2024-01-08,46970.50390625,2333.03271484375,4763.5400390625
2024-01-09,46139.73046875,2344.8271484375,4756.5
2024-01-10,46627.77734375,2582.103515625,4783.4501953125
2024-01-11,46368.5859375,2619.619140625,4780.240234375
2024-01-12,42853.16796875,2524.460205078125,4783.830078125
2024-01-16,43154.9453125,2587.691162109375,4765.97998046875
2024-01-17,42742.65234375,2528.369384765625,4739.2099609375
2024-01-18,41262.05859375,2467.018798828125,4780.93994140625
2024-01-19,41618.40625,2489.49853515625,4839.81005859375
2024-01-22,39507.3671875,2310.826416015625,4850.43017578125
2024-01-23,39845.55078125,2240.68603515625,4864.60009765625
2024-01-24,40077.07421875,2233.561767578125,4868.5498046875
2024-01-25,39933.80859375,2217.710205078125,4894.16015625
2024-01-26,41816.87109375,2267.19970703125,4890.97021484375
2024-01-29,43288.24609375,2317.064208984375,4927.93017578125
2024-01-30,42952.609375,2344.49365234375,4924.97021484375
2024-01-31,42582.60546875,2282.54443359375,4845.64990234375
2024-02-01,43075.7734375,2303.82470703125,4906.18994140625
2024-02-02,43185.859375,2308.0380859375,4958.60986328125
2024-02-05,42658.66796875,2298.888916015625,4942.81005859375
2024-02-06,43084.671875,2372.201904296875,4954.22998046875
2024-02-07,44318.22265625,2423.7451171875,4995.06005859375
2024-02-08,45301.56640625,2419.906494140625,4997.91015625
2024-02-09,47147.19921875,2487.515625,5026.60986328125
2024-02-12,49958.22265625,2658.115966796875,5021.83984375
2024-02-13,49742.44140625,2642.185302734375,4953.169921875
2024-02-14,51826.6953125,2777.90234375,5000.6201171875
2024-02-15,51938.5546875,2824.37890625,5029.72998046875
2024-02-16,52160.203125,2803.69140625,5005.56982421875
2024-02-20,52284.875,3013.503662109375,4975.509765625
2024-02-21,51839.1796875,2970.35546875,4981.7998046875
2024-02-22,51304.97265625,2971.00732421875,5087.02978515625
2024-02-23,50731.94921875,2921.658203125,5088.7998046875
2024-02-26,54522.40234375,3178.99365234375,5069.52978515625
2024-02-27,57085.37109375,3244.519287109375,5078.18017578125
2024-02-28,62504.7890625,3385.703857421875,5069.759765625
2024-02-29,61198.3828125,3341.919677734375,5096.27001953125
2024-03-01,62440.6328125,3435.053955078125,5137.080078125
2024-03-04,68330.4140625,3630.433837890625,5130.9501953125
2024-03-05,63801.19921875,3554.964599609375,5078.64990234375
2024-03-06,66106.8046875,3819.226318359375,5104.759765625
2024-03-07,66925.484375,3874.34765625,5157.35986328125
2024-03-08,68300.09375,3892.06103515625,5123.68994140625
2024-03-11,72123.90625,4066.445068359375,5117.93994140625
2024-03-12,71481.2890625,3980.273193359375,5175.27001953125
2024-03-13,73083.5,4006.45703125,5165.31005859375
2024-03-14,71396.59375,3883.140380859375,5150.47998046875
2024-03-15,69403.7734375,3735.22021484375,5117.08984375
2024-03-18,67548.59375,3517.985107421875,5149.419921875
2024-03-19,61912.7734375,3157.6181640625,5178.509765625
2024-03-20,67913.671875,3513.39306640625,5224.6201171875
2024-03-21,65491.390625,3492.9912109375,5241.52978515625
2024-03-22,63778.76171875,3333.68798828125,5234.18017578125
2024-03-25,69958.8125,3590.8837890625,5218.18994140625
2024-03-26,69987.8359375,3587.5048828125,5203.580078125
2024-03-27,69455.34375,3500.115234375,5248.490234375
2024-03-28,70744.953125,3561.2939453125,5254.35009765625
2024-04-01,69702.1484375,3505.030029296875,5243.77001953125
2024-04-02,65446.97265625,3277.234619140625,5205.81005859375
2024-04-03,65980.8125,3311.44189453125,5211.490234375
2024-04-04,68508.84375,3330.04052734375,5147.2099609375
2024-04-05,67837.640625,3318.88525390625,5204.33984375
2024-04-08,71631.359375,3695.292724609375,5202.39013671875
2024-04-09,69139.015625,3505.163330078125,5209.91015625
2024-04-10,70587.8828125,3543.737060546875,5160.64013671875
2024-04-11,70060.609375,3505.247802734375,5199.06005859375
2024-04-12,67195.8671875,3243.034912109375,5123.41015625
2024-04-15,63426.2109375,3101.600341796875,5061.81982421875
2024-04-16,63811.86328125,3084.920166015625,5051.41015625
2024-04-17,61276.69140625,2984.7275390625,5022.2099609375
2024-04-18,63512.75390625,3066.027587890625,5011.1201171875
2024-04-19,63843.5703125,3059.278564453125,4967.22998046875
2024-04-22,66837.6796875,3201.652099609375,5010.60009765625
2024-04-23,66407.2734375,3219.91162109375,5070.5498046875
2024-04-24,64276.8984375,3139.80517578125,5071.6298828125
2024-04-25,64481.70703125,3156.509521484375,5048.419921875
2024-04-26,63755.3203125,3130.164794921875,5099.9599609375
2024-04-29,63841.12109375,3215.428955078125,5116.169921875
2024-04-30,60636.85546875,3012.286865234375,5035.68994140625
2024-05-01,58254.01171875,2969.78466796875,5018.39013671875
2024-05-02,59123.43359375,2988.16845703125,5064.2001953125
2024-05-03,62889.8359375,3103.5419921875,5127.7900390625
2024-05-06,63161.94921875,3062.728759765625,5180.740234375
2024-05-07,62334.81640625,3006.5771484375,5187.7001953125
2024-05-08,61187.94140625,2973.6572265625,5187.669921875
2024-05-09,63049.9609375,3036.0205078125,5214.080078125
2024-05-10,60792.77734375,2909.791259765625,5222.68017578125
2024-05-13,62901.44921875,2949.359619140625,5221.419921875
2024-05-14,61552.7890625,2881.157958984375,5246.68017578125
2024-05-15,66267.4921875,3037.056640625,5308.14990234375
2024-05-16,65231.58203125,2945.131103515625,5297.10009765625
2024-05-17,67051.875,3094.11865234375,5303.27001953125
2024-05-20,71448.1953125,3663.85546875,5308.1298828125
2024-05-21,70136.53125,3789.312744140625,5321.41015625
2024-05-22,69122.3359375,3737.2177734375,5307.009765625
2024-05-23,67929.5625,3776.92724609375,5267.83984375
2024-05-24,68526.1015625,3726.9345703125,5304.72021484375
2024-05-28,68296.21875,3840.25634765625,5306.0400390625
2024-05-29,67578.09375,3763.196533203125,5266.9501953125
2024-05-30,68364.9921875,3746.849609375,5235.47998046875
2024-05-31,67491.4140625,3760.026611328125,5277.509765625
2024-06-03,68804.78125,3766.38916015625,5283.39990234375
2024-06-04,70567.765625,3812.515869140625,5291.33984375
2024-06-05,71082.8203125,3864.260986328125,5354.02978515625
2024-06-06,70757.1640625,3811.60595703125,5352.9599609375
2024-06-07,69342.5859375,3678.629150390625,5346.990234375
2024-06-10,69512.28125,3666.717529296875,5360.7900390625
2024-06-11,67332.03125,3498.33056640625,5375.31982421875
2024-06-12,68241.1875,3559.61767578125,5421.02978515625
2024-06-13,66756.3984375,3469.28125,5433.740234375
2024-06-14,66011.09375,3480.27197265625,5431.60009765625
2024-06-17,66490.296875,3511.37890625,5473.22998046875
2024-06-18,65140.74609375,3483.681396484375,5487.02978515625
2024-06-20,64828.65625,3511.0869140625,5473.169921875
2024-06-21,64096.19921875,3516.07568359375,5464.6201171875
2024-06-24,60277.4140625,3350.25634765625,5447.8701171875
2024-06-25,61804.640625,3395.029052734375,5469.2998046875
2024-06-26,60811.27734375,3369.477294921875,5477.89990234375
2024-06-27,61604.80078125,3444.800537109375,5482.8701171875
2024-06-28,60320.13671875,3373.635986328125,5460.47998046875
2024-07-01,62851.98046875,3440.341552734375,5475.08984375
2024-07-02,62029.015625,3416.354736328125,5509.009765625
2024-07-03,60173.921875,3292.916748046875,5537.02001953125
2024-07-05,56662.375,2981.5986328125,5567.18994140625
2024-07-08,56705.09765625,3018.73193359375,5572.85009765625
2024-07-09,58009.2265625,3064.032958984375,5576.97998046875
2024-07-10,57742.49609375,3102.21875,5633.91015625
2024-07-11,57344.9140625,3100.330810546875,5584.5400390625
2024-07-12,57899.46484375,3134.15869140625,5615.35009765625
2024-07-15,64870.15234375,3489.552734375,5631.22021484375
2024-07-16,65097.1484375,3443.513427734375,5667.2001953125
2024-07-17,64118.79296875,3388.75244140625,5588.27001953125
2024-07-18,63974.06640625,3426.258544921875,5544.58984375
2024-07-19,66710.15625,3505.73486328125,5505.0
2024-07-22,67585.25,3440.419921875,5564.41015625
2024-07-23,65927.671875,3481.995849609375,5555.740234375
2024-07-24,65372.1328125,3336.33935546875,5427.1298828125
2024-07-25,65777.2265625,3174.42724609375,5399.22021484375
2024-07-26,67912.0625,3275.951416015625,5459.10009765625
2024-07-29,66819.9140625,3320.539306640625,5463.5400390625
2024-07-30,66201.015625,3278.667724609375,5436.43994140625
2024-07-31,64619.25,3231.295654296875,5522.2998046875
2024-08-01,65357.5,3201.564453125,5446.68017578125
2024-08-02,61415.06640625,2986.01318359375,5346.56005859375
2024-08-05,53991.45703125,2417.206298828125,5186.330078125
2024-08-06,56034.31640625,2458.723876953125,5240.02978515625
2024-08-07,55027.4609375,2336.58935546875,5199.5
2024-08-08,61710.13671875,2683.352783203125,5319.31005859375
2024-08-09,60880.11328125,2599.5986328125,5344.16015625
2024-08-12,59354.515625,2724.431884765625,5344.39013671875
2024-08-13,60609.56640625,2703.671875,5434.43017578125
2024-08-14,58737.26953125,2662.914794921875,5455.2099609375
2024-08-15,57560.09765625,2570.087646484375,5543.22021484375
2024-08-16,58894.10546875,2593.1865234375,5554.25
2024-08-19,59493.453125,2637.306396484375,5608.25
2024-08-20,59012.79296875,2573.10693359375,5597.1201171875
2024-08-21,61175.19140625,2631.3955078125,5620.85009765625
2024-08-22,60381.9140625,2622.951416015625,5570.64013671875
2024-08-23,64094.35546875,2764.447021484375,5634.60986328125
2024-08-26,62880.66015625,2681.340576171875,5616.83984375
2024-08-27,59504.1328125,2458.7265625,5625.7998046875
2024-08-28,59027.625,2528.41552734375,5592.18017578125
2024-08-29,59388.1796875,2528.792724609375,5591.9599609375
2024-08-30,59119.4765625,2525.822021484375,5648.39990234375
2024-09-03,57431.0234375,2420.603759765625,5528.93017578125
2024-09-04,57971.5390625,2448.97705078125,5520.06982421875
2024-09-05,56160.48828125,2367.737548828125,5503.41015625
2024-09-06,53948.75390625,2223.87646484375,5408.419921875
2024-09-09,57019.53515625,2358.482177734375,5471.0498046875
2024-09-10,57648.7109375,2389.5810546875,5495.52001953125
2024-09-11,57343.171875,2339.841552734375,5554.1298828125
2024-09-12,58127.01171875,2361.78173828125,5595.759765625
2024-09-13,60571.30078125,2441.607177734375,5626.02001953125
2024-09-16,58192.5078125,2295.28369140625,5633.08984375
2024-09-17,60308.5390625,2341.707763671875,5634.580078125
2024-09-18,61649.6796875,2369.72900390625,5618.259765625
2024-09-19,62940.45703125,2464.752197265625,5713.64013671875
2024-09-20,63192.9765625,2561.072021484375,5702.5498046875
2024-09-23,63329.80078125,2648.54638671875,5718.56982421875
2024-09-24,64301.96875,2654.35498046875,5732.93017578125
2024-09-25,63143.14453125,2579.388671875,5722.259765625
2024-09-26,65181.01953125,2632.199951171875,5745.3701171875
2024-09-27,65790.6640625,2695.900634765625,5738.169921875
2024-09-30,63329.5,2603.062744140625,5762.47998046875
2024-10-01,60837.0078125,2448.921142578125,5708.75
2024-10-02,60632.78515625,2365.231689453125,5709.5400390625
2024-10-03,60759.40234375,2349.791259765625,5699.93994140625
2024-10-04,62067.4765625,2414.7939453125,5751.06982421875
2024-10-07,62236.66015625,2421.796630859375,5695.93994140625
2024-10-08,62131.96875,2439.8408203125,5751.1298828125
2024-10-09,60582.1015625,2368.283447265625,5792.0400390625
2024-10-10,60274.5,2383.85791015625,5780.0498046875
2024-10-11,62445.08984375,2436.513427734375,5815.02978515625
2024-10-14,66046.125,2628.89990234375,5859.85009765625
2024-10-15,67041.109375,2606.02197265625,5815.259765625
2024-10-16,67612.71875,2611.10205078125,5842.47021484375
2024-10-17,67399.8359375,2604.2734375,5841.47021484375
2024-10-18,68418.7890625,2641.55224609375,5864.669921875
2024-10-21,67367.8515625,2665.712158203125,5853.97998046875
2024-10-22,67361.40625,2620.197509765625,5851.2001953125
2024-10-23,66432.1953125,2509.098876953125,5797.419921875
2024-10-24,68161.0546875,2534.49853515625,5809.85986328125
2024-10-25,66642.4140625,2435.93408203125,5808.1201171875
2024-10-28,69907.7578125,2565.34814453125,5823.52001953125
2024-10-29,72720.4921875,2637.95751953125,5832.919921875
2024-10-30,72339.5390625,2657.37255859375,5813.669921875
2024-10-31,70215.1875,2515.79931640625,5705.4501953125
2024-11-01,69482.46875,2511.885498046875,5728.7998046875
2024-11-04,67811.5078125,2397.0263671875,5712.68994140625
2024-11-05,69359.5625,2422.650634765625,5782.759765625
2024-11-06,75639.078125,2724.169189453125,5929.0400390625
2024-11-07,75904.859375,2895.58544921875,5973.10009765625
2024-11-08,76545.4765625,2962.296630859375,5995.5400390625
2024-11-11,88701.484375,3374.81298828125,6001.35009765625
2024-11-12,87955.8125,3246.25732421875,5983.990234375
2024-11-13,90584.1640625,3192.595947265625,5985.3798828125
2024-11-14,87250.4296875,3058.94873046875,5949.169921875
2024-11-15,91066.0078125,3103.04052734375,5870.6201171875
2024-11-18,90542.640625,3207.8564453125,5893.6201171875
2024-11-19,92343.7890625,3111.384033203125,5916.97998046875
2024-11-20,94339.4921875,3072.18798828125,5917.10986328125
2024-11-21,98504.7265625,3361.053955078125,5948.7099609375
2024-11-22,98997.6640625,3331.600830078125,5969.33984375
2024-11-25,93102.296875,3413.5439453125,5987.3701171875
2024-11-26,91985.3203125,3326.517333984375,6021.6298828125
2024-11-27,95962.53125,3657.249267578125,5998.740234375
2024-11-29,97461.5234375,3593.494384765625,6032.3798828125
2024-12-02,95865.3046875,3644.198486328125,6047.14990234375
2024-12-03,96002.1640625,3620.711669921875,6049.8798828125
2024-12-04,98768.53125,3841.3310546875,6086.490234375
2024-12-05,96593.5703125,3811.00830078125,6075.10986328125
2024-12-06,99920.7109375,4005.810546875,6090.27001953125
2024-12-09,97432.71875,3718.6904296875,6052.85009765625
2024-12-10,96675.4296875,3631.833740234375,6034.91015625
2024-12-11,101173.03125,3832.822021484375,6084.18994140625
2024-12-12,100043.0,3883.1015625,6051.25
2024-12-13,101459.2578125,3911.205322265625,6051.08984375
2024-12-16,106029.71875,3987.48095703125,6074.080078125
2024-12-17,106140.6015625,3886.76611328125,6050.60986328125
2024-12-18,100041.5390625,3618.791259765625,5872.16015625
2024-12-19,97490.953125,3417.927978515625,5867.080078125
2024-12-20,97755.9296875,3472.553466796875,5930.85009765625
2024-12-23,94686.2421875,3415.785400390625,5974.06982421875
2024-12-24,98676.09375,3492.0498046875,6040.0400390625
2024-12-26,95795.515625,3331.225830078125,6037.58984375
2024-12-27,94164.859375,3328.9169921875,5970.83984375
2024-12-30,92643.2109375,3356.392578125,5906.93994140625
2024-12-31,93429.203125,3332.53173828125,5881.6298828125
2025-01-02,96886.875,3451.392578125,5868.5498046875
2025-01-03,98107.4296875,3605.009765625,5942.47021484375
2025-01-06,102078.0859375,3688.611328125,5975.3798828125
2025-01-07,96922.703125,3381.577392578125,5909.02978515625
2025-01-08,95043.5234375,3326.329345703125,5918.25
2025-01-10,94701.453125,3267.489990234375,5827.0400390625
2025-01-13,94516.5234375,3135.499755859375,5836.22021484375
2025-01-14,96534.046875,3223.6845703125,5842.91015625
2025-01-15,100504.4921875,3450.53759765625,5949.91015625
2025-01-16,99756.90625,3308.34521484375,5937.33984375
2025-01-17,104462.0390625,3474.107177734375,5996.66015625
2025-01-21,106146.265625,3327.40625,6049.240234375
2025-01-22,103653.0703125,3240.224609375,6086.3701171875
2025-01-23,103960.171875,3334.714111328125,6118.7099609375
2025-01-24,104819.484375,3309.554931640625,6101.240234375
2025-01-27,102087.6875,3178.92041015625,6012.27978515625
2025-01-28,101332.4765625,3077.112548828125,6067.7001953125
2025-01-29,103703.2109375,3112.9990234375,6039.31005859375
2025-01-30,104735.3046875,3247.780029296875,6071.169921875
2025-01-31,102405.0234375,3298.26513671875,6040.52978515625
2025-02-03,101405.421875,2884.566650390625,5994.56982421875
2025-02-04,97871.8203125,2735.05126953125,6037.8798828125
2025-02-05,96615.4453125,2787.779052734375,6061.47998046875
2025-02-06,96593.296875,2688.40087890625,6083.56982421875
2025-02-07,96529.0859375,2622.211181640625,6025.990234375
2025-02-10,97437.5546875,2661.166748046875,6066.43994140625
2025-02-11,95747.4296875,2602.781982421875,6068.5
2025-02-12,97885.859375,2736.902099609375,6051.97021484375
2025-02-13,96623.8671875,2675.902587890625,6115.06982421875
2025-02-14,97508.96875,2726.091552734375,6114.6298828125
2025-02-18,95539.546875,2669.3388671875,6129.580078125
2025-02-19,96635.609375,2715.77099609375,6144.14990234375
2025-02-20,98333.9375,2740.386474609375,6117.52001953125
2025-02-21,96125.546875,2659.655517578125,6013.1298828125
2025-02-24,91418.171875,2513.8212890625,5983.25
2025-02-25,88736.171875,2493.592529296875,5955.25
2025-02-26,84347.0234375,2331.45263671875,5956.06005859375
2025-02-27,84704.2265625,2305.484375,5861.56982421875
2025-02-28,84373.0078125,2237.9052734375,5954.5
2025-03-03,86065.671875,2145.573974609375,5849.72021484375
2025-03-04,87222.1953125,2170.01513671875,5778.14990234375
2025-03-05,90623.5625,2241.977294921875,5842.6298828125
2025-03-06,89961.7265625,2202.476806640625,5738.52001953125
2025-03-07,86742.671875,2138.987548828125,5770.2001953125
2025-03-10,78532.0,1861.1513671875,5614.56005859375
2025-03-11,82862.2109375,1919.844970703125,5572.06982421875
2025-03-12,83722.359375,1908.982666015625,5599.2998046875
2025-03-13,81066.703125,1862.9696044921875,5521.52001953125
2025-03-14,83969.1015625,1909.467529296875,5638.93994140625
2025-03-17,84075.6875,1927.0029296875,5675.1201171875
2025-03-18,82718.5,1932.54345703125,5614.66015625
2025-03-19,86854.2265625,2057.7490234375,5675.2900390625
2025-03-20,84167.1953125,1982.099853515625,5662.89013671875
2025-03-21,84043.2421875,1964.8475341796875,5667.56005859375
2025-03-24,87498.9140625,2077.47900390625,5767.56982421875
2025-03-25,87471.703125,2067.76416015625,5776.64990234375
2025-03-26,86900.8828125,2009.1893310546875,5712.2001953125
2025-03-27,87177.1015625,2002.357421875,5693.31005859375
2025-03-28,84353.1484375,1895.5029296875,5580.93994140625
2025-03-31,82548.9140625,1823.47998046875,5611.85009765625
2025-04-01,85169.171875,1905.491455078125,5633.06982421875
2025-04-02,82485.7109375,1795.313232421875,5670.97021484375
2025-04-03,83102.828125,1815.63720703125,5396.52001953125
2025-04-04,83843.8046875,1815.335205078125,5074.080078125
2025-04-07,79235.3359375,1555.240966796875,5062.25
2025-04-08,76271.953125,1472.5531005859375,4982.77001953125
2025-04-09,82573.953125,1668.0400390625,5456.89990234375
2025-04-10,79626.140625,1522.518798828125,5268.0498046875
2025-04-11,83404.8359375,1567.1497802734375,5363.35986328125
2025-04-14,84542.390625,1622.7698974609375,5405.97021484375
2025-04-15,83668.9921875,1588.6324462890625,5396.6298828125
2025-04-16,84033.8671875,1578.1053466796875,5275.7001953125
2025-04-17,84895.75,1582.54833984375,5282.7001953125
2025-04-21,87518.90625,1579.7344970703125,5158.2001953125
2025-04-22,93441.890625,1757.3316650390625,5287.759765625
2025-04-23,93699.109375,1796.104248046875,5375.85986328125
2025-04-24,93943.796875,1769.8316650390625,5484.77001953125
2025-04-25,94720.5,1786.634521484375,5525.2099609375
2025-04-28,94978.75,1798.851806640625,5528.75
2025-04-29,94284.7890625,1799.1756591796875,5560.830078125
2025-04-30,94207.3125,1793.775390625,5569.06005859375
2025-05-01,96492.3359375,1839.2215576171875,5604.14013671875
2025-05-02,96910.0703125,1842.7078857421875,5686.669921875
2025-05-05,94748.0546875,1819.697509765625,5650.3798828125
2025-05-06,96802.4765625,1815.0875244140625,5606.91015625
2025-05-07,97032.3203125,1811.606689453125,5631.27978515625
2025-05-08,103241.4609375,2206.5146484375,5663.93994140625
2025-05-09,102970.8515625,2345.50732421875,5659.91015625
2025-05-12,102812.953125,2496.397705078125,5844.18994140625
2025-05-13,104169.8125,2680.129638671875,5886.5498046875
2025-05-14,103539.4140625,2610.063232421875,5892.580078125
2025-05-15,103744.640625,2546.85693359375,5916.93017578125
2025-05-16,103489.2890625,2536.297607421875,5958.3798828125
2025-05-19,105606.1796875,2529.166748046875,5963.60009765625
2025-05-20,106791.0859375,2524.173095703125,5940.4599609375
2025-05-21,109678.078125,2552.34716796875,5844.60986328125
2025-05-22,111673.28125,2664.156982421875,5842.009765625
2025-05-23,107287.796875,2526.44189453125,5802.81982421875
2025-05-27,108994.640625,2663.06982421875,5921.5400390625
2025-05-28,107802.328125,2682.212890625,5888.5498046875
2025-05-29,105641.7578125,2632.65478515625,5912.169921875
2025-05-30,103998.5703125,2529.943603515625,5911.68994140625
2025-06-02,105881.53125,2607.097412109375,5935.93994140625
2025-06-03,105432.46875,2593.2802734375,5970.3701171875
2025-06-04,104731.984375,2608.64306640625,5970.81005859375
2025-06-05,101575.953125,2416.28564453125,5939.2998046875
2025-06-06,104390.34375,2477.19482421875,6000.35986328125
2025-06-09,110294.1015625,2681.51708984375,6005.8798828125
2025-06-10,110257.234375,2813.517578125,6038.81005859375
2025-06-11,108686.625,2773.529296875,6022.240234375
2025-06-12,105929.0546875,2651.795166015625,6045.259765625
2025-06-13,106090.96875,2579.486083984375,5976.97021484375
2025-06-16,106796.7578125,2540.60498046875,6033.10986328125
2025-06-17,104601.1171875,2510.761474609375,5982.72021484375
2025-06-18,104883.328125,2524.301513671875,5980.8701171875
2025-06-20,103309.6015625,2407.30419921875,5967.83984375
2025-06-23,105577.7734375,2421.824951171875,6025.169921875
2025-06-24,106045.6328125,2448.0087890625,6092.18017578125
2025-06-25,107361.2578125,2419.310302734375,6092.16015625
2025-06-26,106960.0,2416.146728515625,6141.02001953125
2025-06-27,107088.4296875,2423.866943359375,6173.06982421875
2025-06-30,107135.3359375,2486.46435546875,6204.9501953125
2025-07-01,105698.28125,2405.792724609375,6198.009765625
2025-07-02,108859.3203125,2571.33544921875,6227.419921875
2025-07-03,109647.9765625,2591.00732421875,6279.35009765625
2025-07-07,108299.8515625,2543.01318359375,6229.97998046875
2025-07-08,108950.2734375,2615.505859375,6225.52001953125
2025-07-09,111326.5546875,2770.777587890625,6263.259765625
2025-07-10,115987.203125,2954.84521484375,6280.4599609375
2025-07-11,117516.9921875,2957.88623046875,6259.75
2025-07-14,119849.703125,3013.350830078125,6268.56005859375
2025-07-15,117777.1875,3139.8896484375,6243.759765625
2025-07-16,118738.5078125,3371.5068359375,6263.7001953125
2025-07-17,119289.84375,3476.784423828125,6297.35986328125
2025-07-18,118003.2265625,3549.016357421875,6296.7900390625
2025-07-21,117439.5390625,3763.371337890625,6305.60009765625
2025-07-22,119995.4140625,3749.1455078125,6309.6201171875
2025-07-23,118754.9609375,3629.70361328125,6358.91015625
2025-07-24,118368.0,3708.005615234375,6363.35009765625
2025-07-25,117635.8828125,3727.266845703125,6388.64013671875
2025-07-28,117924.4765625,3787.42578125,6389.77001953125
2025-07-29,117922.1484375,3793.454833984375,6370.85986328125
2025-07-30,117831.1875,3808.20166015625,6362.89990234375
2025-07-31,115758.203125,3696.707763671875,6339.39013671875
2025-08-01,113320.0859375,3488.365966796875,6238.009765625
2025-08-04,115071.8828125,3718.986083984375,6329.93994140625
2025-08-05,114141.4453125,3611.8994140625,6299.18994140625
2025-08-06,115028.0,3683.920654296875,6345.06005859375
2025-08-07,117496.8984375,3914.325927734375,6340.0
2025-08-08,116688.7265625,4009.848876953125,6389.4501953125
2025-08-11,118731.4453125,4226.966796875,6373.4501953125
2025-08-12,120172.90625,4590.9248046875,6445.759765625
2025-08-13,123344.0625,4756.27587890625,6466.580078125
2025-08-14,118359.578125,4548.16650390625,6468.5400390625
2025-08-15,117398.3515625,4439.98876953125,6449.7998046875
2025-08-18,116252.3125,4312.5048828125,6449.14990234375
2025-08-19,112831.1796875,4073.464111328125,6411.3701171875
2025-08-20,114274.7421875,4334.50048828125,6395.77978515625
2025-08-21,112419.03125,4223.2099609375,6370.169921875
2025-08-22,116874.0859375,4831.3486328125,6466.91015625
2025-08-25,110124.3515625,4372.98779296875,6439.31982421875
2025-08-26,111802.65625,4600.4267578125,6465.93994140625
2025-08-27,111222.0625,4503.39306640625,6481.39990234375
2025-08-28,112544.8046875,4507.177734375,6501.85986328125
2025-08-29,108410.8359375,4360.15283203125,6460.259765625
2025-09-02,111200.5859375,4325.36572265625,6415.5400390625
2025-09-03,111723.2109375,4450.38916015625,6448.259765625
2025-09-04,110723.6015625,4298.744140625,6502.080078125
2025-09-05,110650.984375,4306.98876953125,6481.5
2025-09-08,112071.4296875,4308.072265625,6495.14990234375
2025-09-09,111530.546875,4309.04150390625,6512.60986328125
2025-09-10,113955.359375,4349.14599609375,6532.0400390625
2025-09-11,115507.5390625,4461.2333984375,6587.47021484375
2025-09-12,116101.578125,4715.24609375,6584.2900390625
2025-09-15,115444.875,4526.8203125,6615.27978515625
2025-09-16,116843.1875,4503.564453125,6606.759765625
2025-09-17,116468.5078125,4592.7333984375,6600.35009765625
2025-09-18,117137.203125,4589.9189453125,6631.9599609375
2025-09-19,115688.859375,4470.9169921875,6664.35986328125
2025-09-22,112748.5078125,4202.87744140625,6693.75
2025-09-23,112014.5,4165.50390625,6656.919921875
2025-09-24,113328.6328125,4153.46923828125,6637.97021484375
2025-09-25,109049.2890625,3868.333984375,6604.72021484375
2025-09-26,109712.828125,4035.887939453125,6643.7001953125
2025-09-29,114400.3828125,4217.341796875,6661.2099609375
2025-09-30,114056.0859375,4145.95751953125,6688.4599609375
2025-10-01,118648.9296875,4351.1123046875,6711.2001953125
2025-10-02,120681.2578125,4487.923828125,6715.35009765625
2025-10-03,122266.53125,4514.87060546875,6715.7900390625
2025-10-06,124752.53125,4687.771484375,6740.27978515625
2025-10-07,121451.3828125,4451.15185546875,6714.58984375
2025-10-08,123354.8671875,4527.64794921875,6753.72021484375
2025-10-09,121705.5859375,4369.1435546875,6735.10986328125
2025-10-10,113214.3671875,3843.0087890625,6552.509765625
2025-10-13,115271.078125,4245.4677734375,6654.72021484375
2025-10-14,113118.6640625,4125.412109375,6644.31005859375
2025-10-15,110783.1640625,3987.45947265625,6671.06005859375
2025-10-16,108186.0390625,3894.75439453125,6629.06982421875
2025-10-17,106467.7890625,3832.558837890625,6664.009765625
2025-10-20,110588.9296875,3980.76025390625,6735.1298828125
2025-10-21,108476.890625,3876.76416015625,6735.35009765625
2025-10-22,107688.5859375,3808.122314453125,6699.39990234375
2025-10-23,110069.7265625,3856.0263671875,6738.43994140625
2025-10-24,111033.921875,3934.5673828125,6791.68994140625
2025-10-27,114119.328125,4120.1220703125,6875.16015625
2025-10-28,112956.1640625,3982.262451171875,6890.89013671875
2025-10-29,110055.3046875,3903.35302734375,6890.58984375
2025-10-30,108305.546875,3804.375244140625,6822.33984375
2025-10-31,109556.1640625,3847.080322265625,6840.2001953125
